"year","region","group","sb_without_group","gain","share","raw_impact_percent","impact_percent"
1952,"1","Longline",454562.5,6310,0.932397487994089,1.38675984989588,1.38624756328712
1953,"1","Longline",461982.5,23730,0.913131313131313,5.11204821223725,5.1036879602307
1954,"1","Longline",465620,30325,0.862669795889339,6.44681246844357,6.43580873476583
1955,"1","Longline",473832.5,38075,0.837872036089564,7.91394944009977,7.898711049254
1956,"1","Longline",490540,47985,0.821836865767502,9.58080843374697,9.56480965280429
1957,"1","Longline",506805,58205,0.797465319404008,11.1621975366648,11.1407869162827
1958,"1","Longline",471040,71547.5,0.802957185343135,14.6497402165289,14.6152141467744
1959,"1","Longline",417937.5,87017.5,0.826946378085576,19.9659270816603,19.9056844469077
1960,"1","Longline",391052.5,97450,0.852133613151452,23.8886097049775,23.8828652421681
1961,"1","Longline",405597.5,99450,0.864331653050582,23.6011652259553,23.6360357116881
1962,"1","Longline",382865,98037.5,0.877057613168724,24.7057859986896,24.752753072627
1963,"1","Longline",363717.5,97500,0.89065497396547,25.9356795148033,25.9931327191729
1964,"1","Longline",340510,93627.5,0.898622708513293,26.6517221747794,26.7099165004802
1965,"1","Longline",332167.5,83457.5,0.895899307605604,24.4025993962032,24.4386184764134
1966,"1","Longline",330427.5,75260,0.89149490642028,22.158267026844,22.1740156174814
1967,"1","Longline",316137.5,73310,0.894706331045004,22.5697704847375,22.5835430372835
1968,"1","Longline",299410,70007.5,0.889577178436418,22.7214085764128,22.7250175551886
1969,"1","Longline",301055,64857.5,0.866036854052611,20.8521549021814,20.8375369540927
1970,"1","Longline",286610,64032.5,0.849490895824351,21.4982373678026,21.4682905677148
1971,"1","Longline",266090,63075,0.838679652960144,22.6835452142485,22.6360411970794
1972,"1","Longline",248732.5,61185,0.830781764486235,23.4438760848325,23.3770277331869
1973,"1","Longline",219445,62017.5,0.84616434150834,26.8992214439071,26.8386644764378
1974,"1","Longline",201837.5,59170,0.858593920046434,27.9710693013142,27.9538194943737
1975,"1","Longline",186427.5,58872.5,0.874517231134878,30.1979944089662,30.2338803203256
1976,"1","Longline",168470,60387.5,0.890539743400678,34.3013348480545,34.3810054016391
1977,"1","Longline",170390,60970,0.886224063374396,34.1793617647471,34.2613355965169
1978,"1","Longline",182295,65072.5,0.870913775219995,33.8945750970128,33.9149887334349
1979,"1","Longline",181250,67432.5,0.861289395535971,35.1096648226489,35.0883638157954
1980,"1","Longline",179702.5,67997.5,0.851298904538341,35.5277766892642,35.4443781524349
1981,"1","Longline",167365,67159,0.851202169862736,37.5410156795886,37.4410953600318
1982,"1","Longline",160090,66498,0.850439620168175,38.7427173153111,38.671120644888
1983,"1","Longline",157422.5,63495,0.836663229708495,37.4369859379146,37.3317894910319
1984,"1","Longline",161860,61505,0.814150506320736,35.045584045584,34.8600226766221
1985,"1","Longline",164825,60445,0.788224554997718,33.4921734312232,33.2344909336758
1986,"1","Longline",159382.5,61578.25,0.775112736289914,34.8959410639654,34.5506900272161
1987,"1","Longline",156410,64091.5,0.772438022007159,36.7370744010088,36.3689199728884
1988,"1","Longline",156160,69774.5,0.776043954821739,39.7632141330674,39.4001241846937
1989,"1","Longline",150557.5,73108.25,0.779110784298053,42.8636550187617,42.532592318879
1990,"1","Longline",155982.5,73114.5,0.762312131496223,41.1252355373063,40.6988106900059
1991,"1","Longline",160302.5,74373,0.750389708664396,40.504860713994,39.9216806283451
1992,"1","Longline",157997.5,75001.5,0.753119736112122,41.4424445027697,40.7740196565153
1993,"1","Longline",150272.5,76968.25,0.768309147399024,44.7437797930473,44.0903463070313
1994,"1","Longline",139645,75517,0.775453936339809,47.1171424114803,46.5185272920066
1995,"1","Longline",133702.5,72273.25,0.762339867833278,46.6873919994832,45.9825591086472
1996,"1","Longline",123465,69050.5,0.749774689179651,47.6687031859446,46.8123280361411
1997,"1","Longline",120702.5,65685.5,0.727533013421351,45.8553527173723,44.8104874223456
1998,"1","Longline",119942.5,64362.75,0.713081653002437,44.9092050866084,43.6542500397471
1999,"1","Longline",119385,64591.75,0.710240423999516,45.2054099450607,43.7878866717006
2000,"1","Longline",114385,63628.5,0.71300825307179,46.3959020726616,44.9123582768723
2001,"1","Longline",109535,59792,0.703816182875438,45.433787352064,43.7788346133941
2002,"1","Longline",117140,57348.5,0.684613111847937,41.0776448678461,39.1410297743962
2003,"1","Longline",126090,62010.75,0.688646793766606,41.5565942903096,39.292256069149
2004,"1","Longline",130157.5,66844.75,0.696713152601024,43.5144679881522,40.9561340262772
2005,"1","Longline",133905,73060.25,0.700105887538809,46.1275353168653,43.1159362713132
2006,"1","Longline",133617.5,76020.75,0.703873022633526,48.0573686290004,44.7589823794379
2007,"1","Longline",134102.5,78568,0.69673328677685,49.1895445296604,45.4487334580832
2008,"1","Longline",129675,81413,0.695170658919114,52.2388873738751,47.9894017710533
2009,"1","Longline",125192.5,78522.75,0.681440677598379,51.9218752582943,47.1150785787115
2010,"1","Longline",120582.5,73469.75,0.666158153030114,50.4089263966792,45.0823121388614
2011,"1","Longline",118595,69982.75,0.653450485423295,48.9287212472908,43.135932720461
2012,"1","Longline",119777.5,69531.5,0.639267244351484,48.1561769543762,41.6806006642647
2013,"1","Longline",116580,68984,0.630045529064165,48.9326310936142,41.7333238086257
2014,"1","Longline",122035,66616,0.602962041070317,45.399621760687,37.5230942955885
2015,"1","Longline",135912.5,68837.75,0.579238777618135,42.5259077360268,33.922088576472
2016,"1","Longline",140910,72065.75,0.57728339581531,43.2457206294913,33.8792960167992
2017,"1","Longline",141100,74147.25,0.587293320924338,44.8459968246768,34.9471272734926
2018,"1","Longline",148360,76416.5,0.594601113858256,44.5967318354246,34.4950193316316
2019,"1","Longline",165535,79504,0.590028646490434,42.2820523047877,32.0071301423924
2020,"1","Longline",176610,84870.75,0.59772658845652,42.7899971009743,32.1260430522342
2021,"1","Longline",173140,88750.75,0.613541348016723,45.7985654204402,34.6357127343708
2022,"1","Longline",163545,87667.75,0.619217641127786,47.8066037735849,36.3003595101702
2023,"1","Longline",150377.5,84677.25,0.618390183430797,49.632782849523,38.0250654694081
2024,"1","Longline",130877.5,86261.5,0.62896537141378,56.3966526102448,44.5500175696104
1952,"2","Longline",262152.5,672.5,1,0.256530073144448,0.256530073144445
1953,"2","Longline",270010,2287.5,0.993485342019544,0.847151626253368,0.846231809069593
1954,"2","Longline",275305,4842.5,0.984748347737672,1.7584791923887,1.7584791923887
1955,"2","Longline",280162.5,6592.5,0.973062730627306,2.35160876079047,2.34987325616996
1956,"2","Longline",280567.5,7855,0.962327718223583,2.79661771250556,2.79661771250557
1957,"2","Longline",286055,9007.5,0.949657353716394,3.14367730846079,3.14202012485064
1958,"2","Longline",295022.5,11722.5,0.945362903225806,3.96445601812709,3.96125887617699
1959,"2","Longline",291120,17317.5,0.953082003302146,5.93131084795397,5.92967867655938
1960,"2","Longline",273012.5,21417.5,0.955391992862719,7.81646320322622,7.81384812687853
1961,"2","Longline",262240,23942.5,0.955979237372729,9.0922900190827,9.08684444710082
1962,"2","Longline",250527.5,26572.5,0.958949837603753,10.5589938706377,10.5561359690126
1963,"2","Longline",233497.5,28462.5,0.961652166568122,12.1310602024507,12.1279861944596
1964,"2","Longline",219120,30437.5,0.965120887831946,13.8220335134644,13.8176507838525
1965,"2","Longline",208630,30745,0.966975939613147,14.6631691904137,14.6608632981051
1966,"2","Longline",202720,30782.5,0.968155370341249,15.1107565809658,15.1012514659597
1967,"2","Longline",195582.5,32060,0.970853206147324,16.3132386052842,16.3045935397806
1968,"2","Longline",183935,33380,0.973319725907567,18.0605716295364,18.0460894682939
1969,"2","Longline",174887.5,34630,0.974600717652853,19.7035646212057,19.6841563397241
1970,"2","Longline",168920,33937.5,0.959431761961976,19.9190033895321,19.9316736157322
1971,"2","Longline",166905,31957.5,0.9136587806447,18.8015708423421,18.827103673877
1972,"2","Longline",170715,30987.5,0.834680134680135,17.5315766396515,17.4843535375918
1973,"2","Longline",177227.5,31942.5,0.743324218977253,17.0001862742489,16.8567790364942
1974,"2","Longline",179925,34567.5,0.669847882957078,17.6126665477798,17.3746114190698
1975,"2","Longline",177175,37652.5,0.635914541462591,19.0351608907763,18.7369830200417
1976,"2","Longline",171587.5,41157.5,0.626064800730149,21.1034341310841,20.7366760919182
1977,"2","Longline",170095,42862.5,0.599370739381227,21.7173764345249,21.2982891493699
1978,"2","Longline",171165,43807.5,0.578202336171055,21.7393461944048,21.277386881094
1979,"2","Longline",171322.5,46717.5,0.565587167070218,22.7637621663763,22.2187822670542
1980,"2","Longline",167145,48310,0.557305185441541,23.7605744638993,23.1575489828982
1981,"2","Longline",157642.5,48972.5,0.559110629067245,25.2429061106672,24.5930288041305
1982,"2","Longline",148472.5,48159.5,0.549604425639723,25.9326369070055,25.2730435282728
1983,"2","Longline",143715,46713.5,0.518547708975665,25.2925809115151,24.6203647401952
1984,"2","Longline",145010,46522.25,0.467650776657796,23.8802196956087,23.1232262791929
1985,"2","Longline",147107.5,46910.75,0.413758963458197,22.4179828438986,21.5640383630331
1986,"2","Longline",147482.5,47660.25,0.384370803779169,21.767143933685,20.9134986065277
1987,"2","Longline",153135,47717.5,0.361256742689505,20.5674446671408,19.7110355014796
1988,"2","Longline",172437.5,49360,0.327223308694355,18.5370525110083,17.597573135181
1989,"2","Longline",184172.5,50945,0.306127660852975,17.5406280126704,16.5704086495828
1990,"2","Longline",195555,54202.5,0.292820291186084,17.1846391630008,16.1592517366464
1991,"2","Longline",202197.5,59065,0.286209235838542,17.5526184798033,16.4469149364712
1992,"2","Longline",200422.5,63295,0.281017603835994,18.2372178122254,16.9985833216599
1993,"2","Longline",193887.5,67012.5,0.279687809764292,19.1948269565404,17.8044692865699
1994,"2","Longline",187845,69235,0.273951192489935,19.6859517056561,18.156113870442
1995,"2","Longline",183255,71657.5,0.266990200827155,20.0805660641726,18.3494505333787
1996,"2","Longline",173600,75148.25,0.269536952350209,21.3592502060654,19.4113069655315
1997,"2","Longline",166157.5,78412.75,0.27587999412443,22.7122043766021,20.5764507688857
1998,"2","Longline",167577.5,81567.5,0.269411509214754,22.8469192686633,20.4506892753205
1999,"2","Longline",171705,86200.75,0.260795145985015,22.8893580015799,20.1583140166896
2000,"2","Longline",169680,93820.5,0.262190376250407,24.2267468883954,21.0830486648672
2001,"2","Longline",164520,99021.25,0.25891529926408,25.0669257203612,21.5985051477095
2002,"2","Longline",163092.5,101946.25,0.253868872339975,25.2664287396062,21.5396241299619
2003,"2","Longline",167242.5,105077.25,0.246074484677317,24.98998162803,20.969374644855
2004,"2","Longline",171242.5,109632,0.243332369683999,25.2521018081308,20.8800919810877
2005,"2","Longline",171215,113033.5,0.240141705350599,25.5850564175692,20.8516619892737
2006,"2","Longline",172347.5,118801.25,0.238221638037259,26.2461545259228,21.0040732828949
2007,"2","Longline",170932.5,123855.5,0.239090819590485,27.1441799304167,21.4422866789101
2008,"2","Longline",170785,128417.75,0.236972795721793,27.8412466124661,21.5206105901643
2009,"2","Longline",169735,133319.75,0.23853815485954,28.976884957291,21.9658312777015
2010,"2","Longline",171497.5,136591.75,0.236087333391523,29.5114968914912,21.8282560844639
2011,"2","Longline",177332.5,140414,0.231203041564647,29.7703312255185,21.3105864078856
2012,"2","Longline",175382.5,141867.75,0.233807055442091,30.6585302603002,21.6872989483437
2013,"2","Longline",168570,141081.75,0.238788116257972,31.6943269700595,22.4042242980401
2014,"2","Longline",165167.5,141922.5,0.242305481014944,32.4427655415986,22.943012033512
2015,"2","Longline",166645,144949.25,0.24163625012607,32.5584150854396,22.9860623188199
2016,"2","Longline",170127.5,145686.5,0.234629781658932,31.8851633800967,22.2078980640075
2017,"2","Longline",170902.5,144601.5,0.22621014720324,31.2118759308425,21.336818410973
2018,"2","Longline",172167.5,144916,0.220720621239387,31.0216313992443,20.7844601995458
2019,"2","Longline",175950,148547.75,0.219725852532211,31.5005115862354,20.6957969030626
2020,"2","Longline",176110,149133,0.219509583388376,31.9111990798941,20.6838419548393
2021,"2","Longline",169970,143747,0.219295508963081,31.9851808173914,20.6499865421076
2022,"2","Longline",164850,138236.75,0.215481385962595,31.5618025628585,20.2388181259335
2023,"2","Longline",163300,133521.75,0.20652113809412,30.3931689106905,19.2522439938011
2024,"2","Longline",158395,128381.25,0.19273483230071,28.6134172842258,17.9841992109112
1952,"3","Longline",226455,1132.5,1,0.500099357488243,0.500099357488237
1953,"3","Longline",232152.5,5800,0.998278829604131,2.49830395313526,2.49615394973326
1954,"3","Longline",238187.5,8892.5,0.994130799329234,3.73261975969358,3.73157654567467
1955,"3","Longline",241387.5,9517.5,0.986269430051813,3.94062664969102,3.94164753742411
1956,"3","Longline",240385,11372.5,0.978279569892473,4.72593916223404,4.72695549323667
1957,"3","Longline",255465,15545,0.974302726418051,6.0752320468979,6.0752320468979
1958,"3","Longline",272120,24037.5,0.975745889993911,8.81422743731952,8.8124384729523
1959,"3","Longline",268772.5,29540,0.974435098136236,10.9590057503246,10.9599095113134
1960,"3","Longline",249042.5,30242.5,0.969854886554959,12.0983308163898,12.0944509700605
1961,"3","Longline",235482.5,30907.5,0.967143862942971,13.0674671542876,13.0633781400799
1962,"3","Longline",224810,32247.5,0.96686905029608,14.2748057811912,14.2705258004458
1963,"3","Longline",218117.5,33090,0.96761459170992,15.0945978309213,15.091287370106
1964,"3","Longline",211520,35682.5,0.970886334262975,16.7852480801571,16.7818227523399
1965,"3","Longline",204765,35872.5,0.972483903761437,17.432875713765,17.430512735017
1966,"3","Longline",199315,36892.5,0.974574032492405,18.4216110951602,18.4167447337561
1967,"3","Longline",192677.5,36987.5,0.97611664577423,19.1078278164512,19.1027851753437
1968,"3","Longline",185727.5,35427.5,0.976233122072196,18.9891058196095,18.9773324693494
1969,"3","Longline",184932.5,35437.5,0.977047146401985,19.0785754663652,19.06805516007
1970,"3","Longline",181155,34312.5,0.975757144888383,18.8556120346201,18.8381854061223
1971,"3","Longline",180362.5,32827.5,0.97101234933077,18.1062298337056,18.0861460174292
1972,"3","Longline",187515,36255,0.963396000797183,19.1990467994969,19.1709873409445
1973,"3","Longline",184785,38442.5,0.945869471612229,20.5704118898238,20.518533505898
1974,"3","Longline",177115,36837.5,0.914649286157666,20.4224473673269,20.3337092347562
1975,"3","Longline",177172.5,39130,0.894042383046781,21.5473568281938,21.4439708698019
1976,"3","Longline",178742.5,40475,0.879222330835234,21.989514573656,21.8760680718369
1977,"3","Longline",181022.5,45102.5,0.867314071438873,24.0405628697831,23.8960952788633
1978,"3","Longline",187807.5,48735,0.850375152678416,24.869871402327,24.6865260757264
1979,"3","Longline",187080,50007.5,0.82920863905816,25.4048287336322,25.178404235115
1980,"3","Longline",184812.5,55550,0.826329490516921,28.3584756362151,28.1043145120676
1981,"3","Longline",174297.5,55862.5,0.814055156836315,29.9514771325934,29.7125112871332
1982,"3","Longline",167215,53147.5,0.761289167412713,28.9999590762137,28.7455279222774
1983,"3","Longline",167037.5,53550,0.693046882583234,28.2213438735178,27.8542755641654
1984,"3","Longline",173867.5,52395,0.589950738916256,25.0960951251931,24.670114960225
1985,"3","Longline",179950,54062.5,0.525759159757847,23.8778777673494,23.3432074353923
1986,"3","Longline",180867.5,56197.5,0.493935398813448,23.8526755870587,23.2567517869601
1987,"3","Longline",181935,56227.5,0.451835184924764,22.7807714123653,22.1711728523623
1988,"3","Longline",181065,57155,0.423896315799232,22.4291180221721,21.7774496940475
1989,"3","Longline",180702.5,56842.5,0.401189257860747,21.8088167587477,21.0538162562128
1990,"3","Longline",186747.5,61555,0.383926900767168,22.0108525607216,21.2056779192407
1991,"3","Longline",189807.5,62907.5,0.366540422432629,21.5501220399949,20.7198223634357
1992,"3","Longline",189922.5,63580,0.346004190362167,21.0364365771951,20.1366167546229
1993,"3","Longline",186180,65175,0.332165381920112,21.1598555253439,20.1671742735848
1994,"3","Longline",186497.5,67960,0.315473081966833,21.0777700240366,19.9491410404009
1995,"3","Longline",185742.5,74667.5,0.324267691572753,22.7390043168097,21.4579510368939
1996,"3","Longline",186195,74970,0.330913023327669,23.1183748988166,21.741558349536
1997,"3","Longline",198717.5,73815,0.329534927845177,22.0946765044824,20.6333538003723
1998,"3","Longline",202857.5,80765,0.338399656425781,23.4754679688408,21.8308794746428
1999,"3","Longline",197390,84586.25,0.333913961727871,24.3501259445844,22.548144050366
2000,"3","Longline",185030,86275,0.315889392029628,24.6725577671013,22.6677378446106
2001,"3","Longline",185705,89196.5,0.313986223841888,25.060300201586,22.8849954563328
2002,"3","Longline",187875,93898.25,0.305719818355415,25.2175693731075,22.8560258691837
2003,"3","Longline",191567.5,101862,0.306336908346585,26.2331474780772,23.5565702094419
2004,"3","Longline",187592.5,102404.75,0.300567867879547,26.3746233291266,23.4622262020336
2005,"3","Longline",181632.5,107165.75,0.309417512940427,28.1404188275455,24.8913825992993
2006,"3","Longline",177735,105819,0.302941555374243,28.0207602377895,24.5251542541307
2007,"3","Longline",180305,108439.5,0.295568899161588,27.9677868619916,24.0785398471166
2008,"3","Longline",182757.5,108838,0.293987118243932,28.006999305216,23.8066321591678
2009,"3","Longline",184895,111756,0.300038459240923,29.021313614615,24.3051935910411
2010,"3","Longline",186125,116211.75,0.29725039214796,29.702304123909,24.4134800069039
2011,"3","Longline",185085,116037.75,0.284144043548049,29.1546641709013,23.4850085994805
2012,"3","Longline",182675,120529.25,0.282382826387835,30.0461176998486,23.8636093495341
2013,"3","Longline",179275,119885.25,0.281332940654678,30.3380233573317,23.905112669786
2014,"3","Longline",182400,120343,0.275082446673246,29.9280664996301,23.2629144028551
2015,"3","Longline",192417.5,127091.25,0.276017259324775,30.3742673286849,23.2923525226739
2016,"3","Longline",197772.5,128808,0.272504991471525,30.2629044005357,22.8351218278052
2017,"3","Longline",191217.5,124486.5,0.265856907556654,29.9768827885136,22.3136066431705
2018,"3","Longline",184205,122075.25,0.262489174964293,30.2173939949009,22.2120881644563
2019,"3","Longline",177325,120135.5,0.261696626178485,30.6554135088928,22.3506574881349
2020,"3","Longline",175357.5,117830.5,0.260084638064394,30.643728828987,22.1173823929978
2021,"3","Longline",169842.5,109676.75,0.244264578804832,28.8253227767009,20.563949497888
2022,"3","Longline",165422.5,105174.75,0.235179912781419,27.9485935984481,19.7527784669925
2023,"3","Longline",163585,102757,0.235702276121029,27.9586159047159,19.6692670026629
2024,"3","Longline",163910,104712.5,0.240103505046846,28.7507808048983,20.1077600198619
1952,"4","Longline",169377.5,772.5,0.996774193548387,0.456075097414098,0.456075097414104
1953,"4","Longline",172697.5,4467.5,0.985115766262403,2.58595739754573,2.58310628685383
1954,"4","Longline",173390,6247.5,0.959309021113244,3.59780589988338,3.59366255335761
1955,"4","Longline",175232.5,7210,0.930022573363431,4.10212644904345,4.09551224967383
1956,"4","Longline",180027.5,10517.5,0.926040061633282,5.81551264151726,5.80783201729338
1957,"4","Longline",190545,12177.5,0.909107876073162,6.35079988005059,6.34368812206621
1958,"4","Longline",193267.5,18162.5,0.918457648546144,9.32091400125733,9.31030866294996
1959,"4","Longline",185465,22680,0.921670222493142,12.1048769097338,12.0901193639737
1960,"4","Longline",171985,24530,0.921574152343383,14.0938536893664,14.0806162950869
1961,"4","Longline",163807.5,29032.5,0.932471495101975,17.4997362908937,17.4955208413295
1962,"4","Longline",159792.5,31160,0.939403075067832,19.2574509834217,19.2603538249929
1963,"4","Longline",157972.5,33442.5,0.94764805894021,20.9218305233195,20.936651882432
1964,"4","Longline",153100,36972.5,0.956721438737223,23.8840439276486,23.9010399480396
1965,"4","Longline",152250,35237.5,0.95812657195296,22.9105035597022,22.9198477933613
1966,"4","Longline",154735,33455,0.958870736600745,21.4204536359707,21.428127917153
1967,"4","Longline",151847.5,31345,0.958635981344139,20.4618523051816,20.454029898153
1968,"4","Longline",151235,30252.5,0.959863567859126,19.8377049180328,19.8377049180328
1969,"4","Longline",158070,29667.5,0.957943170810462,18.6169461744819,18.6079292486628
1970,"4","Longline",156155,29350,0.954626768580257,18.6310761271484,18.6204713513401
1971,"4","Longline",154152.5,29017.5,0.950069575182123,18.6427883070993,18.6260026255589
1972,"4","Longline",153970,29570,0.94639142262762,19.0017189583434,18.9849947697899
1973,"4","Longline",144617.5,30962.5,0.943403412553321,21.1485263481438,21.1034198020022
1974,"4","Longline",132915,28782,0.933866532555706,21.3365951295452,21.2962691533998
1975,"4","Longline",127375,28110.75,0.924498051403483,21.6899751162208,21.641290104737
1976,"4","Longline",124790,34714.5,0.933743973209783,27.2918099805421,27.2508844698155
1977,"4","Longline",125725,39169.75,0.934459765727509,30.5018786380361,30.4620385288815
1978,"4","Longline",128592.5,38971.25,0.920702139849153,29.5600644733099,29.4821971832042
1979,"4","Longline",126307.5,39181.75,0.905266623538654,30.0854225054709,29.9653435641599
1980,"4","Longline",126905,45064.5,0.903915875618672,34.27414294678,34.1278815792688
1981,"4","Longline",120252.5,43399,0.892313386037235,34.6512834843706,34.4767321812614
1982,"4","Longline",116500,41422,0.874513757303537,33.9086834619242,33.7037598485331
1983,"4","Longline",118717.5,42854,0.845450823917021,33.9639389736477,33.7118281176947
1984,"4","Longline",126437.5,43126,0.785644669126019,31.3552421113858,30.9759574957833
1985,"4","Longline",134152.5,49092.5,0.744116075590098,32.7217889755382,32.2237028801497
1986,"4","Longline",131557.5,48863.25,0.695842100203997,32.2343530963965,31.6245229783979
1987,"4","Longline",127510,49920.75,0.664241662175918,33.0180068455777,32.336488332126
1988,"4","Longline",122717.5,50931.25,0.636600837447659,33.9349368691075,33.211213526405
1989,"4","Longline",118982.5,46755.75,0.587440988287176,31.2267080745342,30.4071233389889
1990,"4","Longline",125870,46911.25,0.558675102344622,29.2350237594454,28.3767957452492
1991,"4","Longline",127685,47410.75,0.537495713196552,28.6231982491887,27.7004790216742
1992,"4","Longline",124357.5,48663.25,0.52229759100154,29.3895699963764,28.3531288140879
1993,"4","Longline",120102.5,49863.5,0.50527558436755,30.1960546833603,29.0356947694622
1994,"4","Longline",119275,52458.25,0.490979839766388,30.9716605166052,29.7293184659609
1995,"4","Longline",122115,58970.5,0.502871639627348,33.4172014676924,32.2931547267853
1996,"4","Longline",130770,56050.5,0.482430809882643,30.1225312374043,28.8707908369671
1997,"4","Longline",145115,54727.5,0.471947465096024,27.2846245886928,25.9273462197595
1998,"4","Longline",153662.5,66443,0.512732856944423,31.4664582889347,30.0943870577706
1999,"4","Longline",154170,71069.75,0.512444321866928,33.0760817713242,31.4255897567198
2000,"4","Longline",154922.5,73410.5,0.49600013513057,33.1562842270474,31.3395828525044
2001,"4","Longline",145777.5,72002,0.46457174288604,32.8855090832277,30.8031875487284
2002,"4","Longline",135265,72424.5,0.443962557928549,33.8768637081214,31.3464614309259
2003,"4","Longline",130955,77589.25,0.447819104497425,36.3105308108994,33.5979331114797
2004,"4","Longline",132907.5,80357.25,0.455864937731972,37.1276595744681,34.5181284699655
2005,"4","Longline",133200,90722.75,0.498159140328143,42.0178079336776,40.0155618833556
2006,"4","Longline",136817.5,88637.75,0.482492596947329,40.2574059565578,37.6912450484711
2007,"4","Longline",137202.5,89514.25,0.472812960935757,40.2415230902368,37.1449135747923
2008,"4","Longline",137730,87919.5,0.449650562449975,38.8555834226431,35.0666729501144
2009,"4","Longline",130225,87100.25,0.432174586123316,39.2233042499296,34.8245867933971
2010,"4","Longline",118390,87741.5,0.420226465337537,41.1854581299287,35.9771570374631
2011,"4","Longline",115417.5,84214.25,0.395022480105634,39.346937345232,33.7432491775231
2012,"4","Longline",118945,82409.75,0.370497459875017,36.8501129071925,30.99692897724
2013,"4","Longline",117860,81197.5,0.352817850004345,35.8428516250069,29.5718321556365
2014,"4","Longline",114657.5,81383.75,0.343299731189883,35.9191217036301,29.2884330414513
2015,"4","Longline",116032.5,82583.75,0.332177923117456,35.3814103937278,28.4575265536911
2016,"4","Longline",119440,84014.75,0.325035737982076,35.1636496808622,27.6842906436823
2017,"4","Longline",118850,80734.25,0.317960598670212,34.4885514118501,26.6188602050262
2018,"4","Longline",114190,74705,0.301328256406326,32.8041979537171,24.9082411747284
2019,"4","Longline",108695,75846.5,0.303353237850312,34.0328677996523,25.8640920463915
2020,"4","Longline",107240,74545.75,0.297116056242035,33.6496490396551,25.3267514829657
2021,"4","Longline",109335,70945.75,0.283734197717993,31.8014030212022,23.4909315160525
2022,"4","Longline",110540,70159.5,0.278452150617651,31.1605338544558,22.8513055025654
2023,"4","Longline",104501.5,69777.25,0.281403848383568,32.0866576230658,23.647000807716
2024,"4","Longline",95689.75,71076.25,0.292300289827656,34.5499951390239,25.7327836086294
1952,"5","Longline",175585,37.5,1,0.0213571774354301,0.0213571774354326
1953,"5","Longline",181122.5,855,1,0.47204317400726,0.474803660404965
1954,"5","Longline",186397.5,2975,0.990840965861782,1.59583741232952,1.59450865511692
1955,"5","Longline",187182.5,4982.5,0.98322644301924,2.66059699898542,2.66190957767264
1956,"5","Longline",183555,6212.5,0.973364669016843,3.38155047831589,3.37757685848239
1957,"5","Longline",196827.5,7870,0.965940472537588,3.99294765281143,3.98927203361583
1958,"5","Longline",211795,9907.5,0.960960232783705,4.66910941715659,4.66684505759444
1959,"5","Longline",208390,13607.5,0.961830712139954,6.51333660416193,6.50758175648198
1960,"5","Longline",192407.5,16267.5,0.961294135027331,8.42657342657343,8.42034904082474
1961,"5","Longline",183057.5,17590,0.959629023458811,9.57070569671908,9.56678969602484
1962,"5","Longline",174350,19300,0.961035727623553,11.0205421764143,11.0177983591166
1963,"5","Longline",169692.5,20302.5,0.962203791469194,11.9090215861098,11.90337750005
1964,"5","Longline",162445,21680,0.965809110145896,13.2834997855524,13.2820203892069
1965,"5","Longline",156280,22255,0.967819091106762,14.1744821107272,14.1667769127979
1966,"5","Longline",152677.5,23375,0.97102502855956,15.2411690873229,15.2364205664732
1967,"5","Longline",148212.5,24432.5,0.97369731991631,16.413072685745,16.4048964016533
1968,"5","Longline",142582.5,23875,0.974688711982037,16.6736503945806,16.665141693624
1969,"5","Longline",141127.5,22845,0.974408189379399,16.1209512384447,16.1089181121204
1970,"5","Longline",137995,22547.5,0.974079274219678,16.27126594382,16.2554498304715
1971,"5","Longline",136427.5,22707.5,0.973004820567756,16.5708864685385,16.5531351172064
1972,"5","Longline",141192.5,22257.5,0.968033054256823,15.6847891194813,15.6694402989882
1973,"5","Longline",139555,23530,0.958647382358933,16.7449473384572,16.7108366288657
1974,"5","Longline",134980,24735,0.941926884996192,18.1315056443337,18.0728164600318
1975,"5","Longline",139035,23520,0.915709558107845,16.6722784383916,16.5895174689194
1976,"5","Longline",140662.5,23622.5,0.89870648658931,16.497599301615,16.4112983731778
1977,"5","Longline",139715,25610,0.887925803935165,17.9373139555244,17.8300352294317
1978,"5","Longline",143200,27577.5,0.871395844853464,18.7531875828772,18.6257861979236
1979,"5","Longline",142077.5,29077.5,0.851339481774264,19.7977837920645,19.6340340066376
1980,"5","Longline",140277.5,31202.5,0.83917165333154,21.3843913304206,21.1859750052947
1981,"5","Longline",132837.5,33761.5,0.837234965902046,24.2871016473635,24.0516086096916
1982,"5","Longline",128615,33748,0.814352762327618,24.8402767554836,24.5714432401708
1983,"5","Longline",131445,32803.25,0.754249417986377,23.184556939659,22.8404502169378
1984,"5","Longline",139497.5,32850,0.664878813945251,21.1873972072624,20.7542793369121
1985,"5","Longline",145517.5,33187.5,0.575622235712427,19.6964301611324,19.1874078570809
1986,"5","Longline",146395,34715,0.525427576812472,19.7488373416011,19.1607362750111
1987,"5","Longline",151400,34747.5,0.481350649350649,18.6438631790744,18.0072277125959
1988,"5","Longline",152450,35395,0.449745870393901,18.3543565344776,17.6751054111401
1989,"5","Longline",148962.5,35585,0.42092500591436,18.2996284535181,17.5506727585906
1990,"5","Longline",157820,35605,0.3897753085744,17.0212257385983,16.2046131131909
1991,"5","Longline",168715,37357.5,0.377215125965568,16.5817770232032,15.727866155143
1992,"5","Longline",176512.5,37612.5,0.357660763104719,15.797597547146,14.9004036676707
1993,"5","Longline",174257.5,38412.5,0.340596737010108,15.8847489868497,14.9262836839989
1994,"5","Longline",179857.5,39740,0.320943285751782,15.5411945289051,14.5079179922562
1995,"5","Longline",176787.5,42362.5,0.315855204294662,16.3516004207316,15.1967351136531
1996,"5","Longline",172537.5,45015,0.325012183895598,17.5911995154263,16.3045884355449
1997,"5","Longline",183802.5,46375,0.331149472481568,17.4289687312087,16.0114279571689
1998,"5","Longline",184807.5,48592.5,0.341257439823024,18.2445370578959,16.6727207167422
1999,"5","Longline",178322.5,52180,0.346699445201156,19.8195802867724,18.0585933601928
2000,"5","Longline",172337.5,54157.5,0.337966863240663,20.5521559698307,18.6395594713433
2001,"5","Longline",167657.5,56787.5,0.32726775011526,21.2345286617059,19.159046837694
2002,"5","Longline",169702.5,60062.5,0.319672676468632,21.6418044896047,19.3383942825347
2003,"5","Longline",177065,65560,0.31946982433058,22.3571136270632,19.7990889799202
2004,"5","Longline",181280,69407.5,0.324152344479731,23.1420045345425,20.3240990926088
2005,"5","Longline",178137.5,72360,0.331405933338677,24.4205765969474,21.3098799318337
2006,"5","Longline",176682.5,73125,0.330829959056258,24.8331720238398,21.4483624228797
2007,"5","Longline",185402.5,74700,0.323684894704914,24.3824818233004,20.6724946093946
2008,"5","Longline",182412.5,76325,0.321189231270975,25.0436808386721,20.938543797786
2009,"5","Longline",175207.5,76719.75,0.319301754042789,25.8533277169334,21.3329348560977
2010,"5","Longline",172537.5,79120.75,0.315238752643317,26.6554648743799,21.6027662882454
2011,"5","Longline",172622.5,80847,0.307445417857024,26.9158038419283,21.3508084080224
2012,"5","Longline",170332.5,82409.25,0.300278199844776,27.2975479682337,21.2825099040675
2013,"5","Longline",164952.5,82578.5,0.294501446143202,27.67283267987,21.3206375185124
2014,"5","Longline",167892.5,81901.75,0.283955635913553,26.9637610186092,20.3567951738594
2015,"5","Longline",175292.5,83932.75,0.27715098256925,26.5811850772739,19.6962090753374
2016,"5","Longline",174435,86097.25,0.274148353704066,27.080355106823,19.7976056966799
2017,"5","Longline",165727.5,85385.75,0.273427111428135,27.8446926463395,20.1789698646196
2018,"5","Longline",157545,82857.5,0.269135385419932,28.0193767647904,20.1160987440285
2019,"5","Longline",149975,80131,0.264338790152983,28.0560904730227,19.9696521116728
2020,"5","Longline",147200,78760.5,0.262048681322246,28.0936329588015,19.8076929136215
2021,"5","Longline",150750,76748.25,0.257921825220793,27.2977298796916,19.0034588118036
2022,"5","Longline",155337.5,74023.5,0.249372345469812,25.9551714162992,17.8272623699698
2023,"5","Longline",151512.5,72305,0.247440002943066,25.83082515384,17.7422572689106
2024,"5","Longline",146395,71238.25,0.245926653439096,26.0619003630976,17.8308013780577
1952,"All regions","Longline",1288132.5,8925,0.950985615343633,0.692617512164459,0.692433010962502
1953,"All regions","Longline",1317965,37140,0.940491263611041,2.81307161819786,2.80950986633891
1954,"All regions","Longline",1338900,53282.5,0.910345122159576,3.96425050685416,3.9593400649996
1955,"All regions","Longline",1357797.5,66377.5,0.88873640167364,4.85923393539201,4.8527278481145
1956,"All regions","Longline",1375075,83942.5,0.875175937027576,6.05239629974116,6.0449818539796
1957,"All regions","Longline",1435697.5,102805,0.856922563974327,7.07684682607154,7.06696625723461
1958,"All regions","Longline",1443245,135377.5,0.866554648743799,9.24810771669035,9.23316038304679
1959,"All regions","Longline",1371685,170162.5,0.884110304337096,12.2100417794568,12.1870449610587
1960,"All regions","Longline",1277500,189907.5,0.89790780141844,14.6194024680333,14.6136998642338
1961,"All regions","Longline",1250185,200922.5,0.906986717224724,15.809216945205,15.8184943405753
1962,"All regions","Longline",1192345,207317.5,0.916948627789204,17.1150420925975,17.1298032912444
1963,"All regions","Longline",1142997.5,212797.5,0.926596416363676,18.3430703022806,18.3624393321224
1964,"All regions","Longline",1086695,218400,0.935041582378062,19.8166685947995,19.8366063748026
1965,"All regions","Longline",1054092.5,207567.5,0.936634177158071,19.4303379779362,19.4417361275555
1966,"All regions","Longline",1039875,199765,0.937720770305,18.9678378051183,18.9709541104857
1967,"All regions","Longline",1004457.5,198135,0.940622144154195,19.4830192853719,19.4827880521297
1968,"All regions","Longline",962890,192942.5,0.939830487834579,19.7850680763029,19.7802493841583
1969,"All regions","Longline",960072.5,187437.5,0.932026403789018,19.2519534409577,19.2385512879712
1970,"All regions","Longline",930835,184180,0.921787220199442,19.4630180992965,19.4479197280872
1971,"All regions","Longline",903937.5,179585,0.90757937560803,19.4772376020173,19.4575509476292
1972,"All regions","Longline",902125,180255,0.889522188089863,19.506058613945,19.466111345604
1973,"All regions","Longline",865630,186895,0.872230454211343,20.946307540144,20.8729909425633
1974,"All regions","Longline",826772.5,184092,0.844942231850566,21.4185614268802,21.3145285336076
1975,"All regions","Longline",807185,187285.75,0.827274072503523,22.1630760856059,22.0403851637666
1976,"All regions","Longline",784252.5,200357,0.824352416346171,24.2701787644869,24.1288052871113
1977,"All regions","Longline",786947.5,213714.75,0.812381211227345,25.6083817626266,25.4375680390149
1978,"All regions","Longline",813060,224163.75,0.795562125189984,25.8149075833477,25.6029042715852
1979,"All regions","Longline",808037.5,232416.75,0.778258387272843,26.6765472200542,26.4069786455864
1980,"All regions","Longline",798842.5,248124.5,0.773401782451186,28.5860188884121,28.2699059987625
1981,"All regions","Longline",752395,249154.5,0.768822148096262,30.2494946367759,29.9089377832821
1982,"All regions","Longline",720892.5,242975,0.748910423563208,30.423785584153,30.0749001445132
1983,"All regions","Longline",718337.5,239415.75,0.7095429320807,29.4952322873933,29.0901369537156
1984,"All regions","Longline",746672.5,236398.25,0.642145308182456,27.1199210717266,26.6237686930535
1985,"All regions","Longline",771552.5,243698.25,0.585083504644149,26.0732559974536,25.4657107522917
1986,"All regions","Longline",765685,249014.25,0.549086396777113,25.9825592921462,25.3072372801875
1987,"All regions","Longline",770390,252704.75,0.519066129877066,25.5037707428704,24.7872506999855
1988,"All regions","Longline",784830,262615.75,0.491520102265985,25.2635388959168,24.4596035941384
1989,"All regions","Longline",783377.5,263236.5,0.465024438221228,24.697852138362,23.8085016672405
1990,"All regions","Longline",821975,271388.25,0.440091849232015,23.7539469451793,22.8004959790117
1991,"All regions","Longline",848707.5,281113.75,0.423141517808592,23.3685035246392,22.3490256857546
1992,"All regions","Longline",849212.5,288152.25,0.407621248338283,23.352019935978,22.228142136151
1993,"All regions","Longline",824700,297431.75,0.397926228285468,24.0620620053758,22.8187985690554
1994,"All regions","Longline",813120,304910.25,0.382956496838266,24.2092172960269,22.8430640517363
1995,"All regions","Longline",801602.5,319931.25,0.378685430616431,25.0816308131331,23.5687935616741
1996,"All regions","Longline",786567.5,320234.25,0.37579960358673,25.3562018856757,23.7038060215348
1997,"All regions","Longline",814495,319015.75,0.373330044914419,24.7445772105163,22.9851710354263
1998,"All regions","Longline",828847.5,341730.75,0.37815972739981,25.852069416811,23.8805677915458
1999,"All regions","Longline",820972.5,358628.5,0.372027343807744,26.6638289962825,24.4142875223768
2000,"All regions","Longline",796355,371292,0.361024200956642,27.3209210431916,24.8104592691585
2001,"All regions","Longline",773195,376799.25,0.348893363235011,27.5249920558682,24.7866034406714
2002,"All regions","Longline",773075,385680,0.337281459664048,27.4160929508482,24.4400878282969
2003,"All regions","Longline",792920,412099.25,0.33557129365982,28.1312738281743,24.8335848784177
2004,"All regions","Longline",803180,428646.25,0.335512704333153,28.7221336245887,25.1311636698998
2005,"All regions","Longline",798090,456342.25,0.345228348392649,30.560747507082,26.6217739645568
2006,"All regions","Longline",797200,462403.75,0.339814859724623,30.7629809379506,26.4126338547749
2007,"All regions","Longline",807945,475077.25,0.335085309427415,30.9990848600619,26.2305360285602
2008,"All regions","Longline",803360,482913.25,0.330220576369191,31.4243719283747,26.1362087592971
2009,"All regions","Longline",785255,487418.5,0.327473984140219,32.1682200740158,26.3104541946356
2010,"All regions","Longline",769132.5,493135.5,0.32030282058585,32.6641993094712,26.1746891842309
2011,"All regions","Longline",769052.5,491495.75,0.30738752740088,32.1850146847446,25.1518388220983
2012,"All regions","Longline",767112.5,496747.5,0.303034785884334,32.3867720478094,24.9618347348205
2013,"All regions","Longline",747237.5,493727,0.301606883615859,32.7791544741896,25.0843791264697
2014,"All regions","Longline",752152.5,492167,0.296633925455634,32.4516234317486,24.578358288307
2015,"All regions","Longline",786300,507394.75,0.293188680916088,32.2225468077979,24.1258745455157
2016,"All regions","Longline",802685,516672.25,0.288487383931612,32.1705717167692,23.7111907593174
2017,"All regions","Longline",787797.5,509355.25,0.282986694178901,32.1432278889403,23.3262259899728
2018,"All regions","Longline",776467.5,500970.25,0.277403224270292,31.9918674525681,22.8599110786548
2019,"All regions","Longline",777480,504164.75,0.276552576638724,32.3189265160973,22.809897961048
2020,"All regions","Longline",782517.5,505140.5,0.276655572942888,32.5459825750242,22.7213682543261
2021,"All regions","Longline",773037.5,489868.5,0.272639501236321,32.0608731079416,22.2111709645012
2022,"All regions","Longline",759695,475262.25,0.267134080708667,31.5153328669427,21.67495198764
2023,"All regions","Longline",733276.5,463038.25,0.263150544060009,31.3958825972353,21.4932796333006
2024,"All regions","Longline",695267.25,461669.75,0.260506610499183,31.9516748563914,21.839041356785
1952,"1","Pole-and-line",448605,352.5,0.0520871813816033,0.0774695478745323,0.0774409296448037
1953,"1","Pole-and-line",439920,1667.5,0.0641654641654642,0.359222098352533,0.358634625945415
1954,"1","Pole-and-line",438875,3580,0.101841974255032,0.761074645903643,0.759775606610443
1955,"1","Pole-and-line",441400,5642.5,0.124167904494691,1.17280261893008,1.17054437545412
1956,"1","Pole-and-line",450975,8420,0.144208948833226,1.68115884155777,1.67835151144341
1957,"1","Pole-and-line",461070,12470,0.170851173146087,2.39142003749179,2.38683296703111
1958,"1","Pole-and-line",414810,15317.5,0.171903933561529,3.13634153208262,3.12894989612799
1959,"1","Pole-and-line",347212.5,16292.5,0.154831199068685,3.73826950875341,3.72699013245892
1960,"1","Pole-and-line",309012.5,15410,0.134749912556838,3.7775626018851,3.77665421633463
1961,"1","Pole-and-line",320580,14432.5,0.125434555883887,3.42507608972952,3.43013660541919
1962,"1","Pole-and-line",297640,12812.5,0.11462247271426,3.2287939115972,3.23493202848944
1963,"1","Pole-and-line",277387.5,11170,0.102037087786608,2.97129784800362,2.97787992280165
1964,"1","Pole-and-line",256752.5,9870,0.0947307803052116,2.80956447480786,2.81569918944476
1965,"1","Pole-and-line",257735,9025,0.0968815415168268,2.63886959890644,2.64276466164971
1966,"1","Pole-and-line",263602.5,8435,0.0999170812603648,2.48345711362516,2.48522218620058
1967,"1","Pole-and-line",250747.5,7920,0.0966590389016018,2.4383110385912,2.43979894769179
1968,"1","Pole-and-line",237450,8047.5,0.102258648622891,2.61187066412431,2.61228552334222
1969,"1","Pole-and-line",245602.5,9405,0.125584190145547,3.02377545935345,3.02165570756261
1970,"1","Pole-and-line",233320,10742.5,0.142516002785977,3.60668121537687,3.60165714947372
1971,"1","Pole-and-line",214585,11570,0.153841039789915,4.16089763184867,4.15218385493791
1972,"1","Pole-and-line",199452.5,11905,0.161648392681354,4.56156484089124,4.54855790085136
1973,"1","Pole-and-line",168182.5,10755,0.146740798853907,4.6648305176639,4.65432880145263
1974,"1","Pole-and-line",151907.5,9240,0.134078212290503,4.36796823295831,4.3652744993749
1975,"1","Pole-and-line",135482.5,7927.5,0.117758467023173,4.06632299761483,4.07115522934105
1976,"1","Pole-and-line",114907.5,6825,0.10064887184781,3.87673956262425,3.88574393485716
1977,"1","Pole-and-line",116492.5,7072.5,0.102801700643192,3.96479475284851,3.97430369044392
1978,"1","Pole-and-line",125882.5,8660,0.11590323552046,4.5107690705003,4.51348576482455
1979,"1","Pole-and-line",123455,9637.5,0.123096082000192,5.01789781972014,5.0148534649424
1980,"1","Pole-and-line",121997.5,10292.5,0.128857589984351,5.37769243831394,5.36506874714418
1981,"1","Pole-and-line",110207.5,10001.5,0.126763330333718,5.59070963414293,5.57582922978838
1982,"1","Pole-and-line",103452.5,9860.5,0.12610544489561,5.74487298997903,5.73425644559111
1983,"1","Pole-and-line",104352.5,10425,0.137368519878905,6.14663482798267,6.12936302770309
1984,"1","Pole-and-line",112052.5,11697.5,0.154841485207492,6.66524216524216,6.62995065864217
1985,"1","Pole-and-line",117672.5,13292.5,0.173338984155963,7.36528605069954,7.30861892192713
1986,"1","Pole-and-line",111962.5,14158.25,0.178216170459158,8.02337607140327,7.9439949507794
1987,"1","Pole-and-line",106537.5,14219,0.171368999554072,8.1502923306202,8.06861554331697
1988,"1","Pole-and-line",100842.25,14456.75,0.160790452727991,8.23863798261861,8.16340848457633
1989,"1","Pole-and-line",91923.75,14474.5,0.154253987030495,8.48645637898687,8.42091019166255
1990,"1","Pole-and-line",98459,15591,0.162556106410597,8.7695812357623,8.67865002794086
1991,"1","Pole-and-line",102425.5,16496,0.16643712952453,8.98401546714593,8.85466558623669
1992,"1","Pole-and-line",98520.5,15524.5,0.155887646824032,8.57813816634665,8.43978144647202
1993,"1","Pole-and-line",86869.5,13565.25,0.135410453813808,7.88585629577956,7.77069207421835
1994,"1","Pole-and-line",75849.25,11721.25,0.120360838636638,7.31321166744658,7.2202985820601
1995,"1","Pole-and-line",72733.75,11304.5,0.119240120458417,7.30253064388495,7.19228538143369
1996,"1","Pole-and-line",65578.75,11164.25,0.121225365112112,7.70718994856926,7.56872916600877
1997,"1","Pole-and-line",66877.75,11860.75,0.131369742012123,8.28004467869734,8.09137463663343
1998,"1","Pole-and-line",68106,12526.25,0.138779636605362,8.74020967432449,8.49597087694952
1999,"1","Pole-and-line",67307.75,12514.5,0.137607415593198,8.75844210378976,8.4838002957498
2000,"1","Pole-and-line",62360.75,11604.25,0.13003490606738,8.46145432670398,8.19089297302932
2001,"1","Pole-and-line",60364.5,10621.5,0.125026484921252,8.07089530973956,7.77690814567443
2002,"1","Pole-and-line",70002,10210.5,0.121890584383608,7.31358785187308,6.96878705653107
2003,"1","Pole-and-line",74134.25,10055,0.111663598832835,6.73837287226913,6.37121200397178
2004,"1","Pole-and-line",73019.5,9706.75,0.101172050071397,6.3188816196335,5.94737737757365
2005,"1","Pole-and-line",71103.25,10258.5,0.0983029246042393,6.47683687159656,6.05397370306379
2006,"1","Pole-and-line",68080.25,10483.5,0.0970662987773544,6.62726195179771,6.17240413669738
2007,"1","Pole-and-line",67178.5,11644,0.103257845321628,7.29002973861324,6.73563094880767
2008,"1","Pole-and-line",60465.25,12203.25,0.104201311135257,7.83025072586984,7.1932819962734
2009,"1","Pole-and-line",59024,12354.25,0.10721336798851,8.1690443522391,7.41277476312339
2010,"1","Pole-and-line",59317.75,12205,0.110664052317213,8.37407159642532,7.48919956383142
2011,"1","Pole-and-line",60833.5,12221.25,0.114113574344813,8.54453611130532,7.53292801097318
2012,"1","Pole-and-line",63278,13032,0.119815202151378,9.02571205956194,7.81202171471488
2013,"1","Pole-and-line",61016.25,13420.25,0.122569994657071,9.51942685889592,8.11886290795996
2014,"1","Pole-and-line",69627.5,14208.5,0.128605532613,9.6832671698499,8.00328577667331
2015,"1","Pole-and-line",82877.75,15803,0.132975153933698,9.76262181655315,7.78745333445655
2016,"1","Pole-and-line",84773.75,15929.5,0.127603415681374,9.55908606747978,7.48872031304195
2017,"1","Pole-and-line",81825.75,14873,0.11780360784935,8.99553942692977,7.00995146736602
2018,"1","Pole-and-line",85995.75,14052.25,0.109341353009032,8.20090458126641,6.34329804954323
2019,"1","Pole-and-line",100174,14143,0.104960444094815,7.52157206865834,5.69376184347776
2020,"1","Pole-and-line",105647.5,13908.25,0.0979528379789315,7.01223893013348,5.26467644366565
2021,"1","Pole-and-line",97576.5,13187.25,0.0911645607685966,6.80509327347318,5.14643315979111
2022,"1","Pole-and-line",88545.5,12668.25,0.0894787864661415,6.90819609553932,5.24550965850856
2023,"1","Pole-and-line",78269.5,12569.25,0.0917920789006202,7.36734903213516,5.64433249959532
2024,"1","Pole-and-line",57183.25,12567.25,0.0916325946557831,8.21630544931516,6.49039500010649
1952,"2","Pole-and-line",261480,0,0,0,0
1953,"2","Pole-and-line",267732.5,10,0.00434310532030402,0.00370339508744642,0.00369937402871953
1954,"2","Pole-and-line",270512.5,50,0.0101677681748856,0.0181567288837243,0.0181567288837244
1955,"2","Pole-and-line",273695,125,0.018450184501845,0.044588713704787,0.0445558069050049
1956,"2","Pole-and-line",272935,222.5,0.0272588055130168,0.0792167334223409,0.079216733422341
1957,"2","Pole-and-line",277410,362.5,0.0382182393252504,0.126514906946105,0.126448214849665
1958,"2","Pole-and-line",283835,535,0.0431451612903226,0.180932733606142,0.180786820111298
1959,"2","Pole-and-line",274502.5,700,0.0385250412768299,0.239752712202557,0.239686737323029
1960,"2","Pole-and-line",252442.5,847.5,0.0378052860488458,0.309300925165599,0.309197445431519
1961,"2","Pole-and-line",239247.5,950,0.0379317228987822,0.360767485355688,0.360551413793287
1962,"2","Pole-and-line",224957.5,1002.5,0.036178274990978,0.39835888062148,0.398251060642964
1963,"2","Pole-and-line",206047.5,1012.5,0.0342089703522257,0.431539690996271,0.431430338933344
1964,"2","Pole-and-line",189672.5,990,0.0313912009512485,0.449570864175106,0.449428312969659
1965,"2","Pole-and-line",178837.5,952.5,0.0299575404937883,0.454274472397758,0.454203034361527
1966,"2","Pole-and-line",172855,917.5,0.0288567384808932,0.450389642265448,0.450106333794137
1967,"2","Pole-and-line",164397.5,875,0.0264970853206147,0.445230311279592,0.444994365168686
1968,"2","Pole-and-line",151385,830,0.0242017786849395,0.449079522244315,0.448719420571718
1969,"2","Pole-and-line",141075,817.5,0.0230071061704074,0.465136126994965,0.464677961528284
1970,"2","Pole-and-line",135810,827.5,0.0233938794261079,0.485686196827633,0.485995135676417
1971,"2","Pole-and-line",135812.5,865,0.0247301836895147,0.508905852417303,0.509596954639869
1972,"2","Pole-and-line",140662.5,935,0.0251851851851852,0.528988274564716,0.527563390323465
1973,"2","Pole-and-line",146307.5,1022.5,0.0237942870440398,0.544186912903483,0.5395963548506
1974,"2","Pole-and-line",146550,1192.5,0.0231082259470981,0.607596871576695,0.599384511961837
1975,"2","Pole-and-line",140922.5,1400,0.0236446546191522,0.707767751067971,0.696680863901689
1976,"2","Pole-and-line",131962.5,1532.5,0.0233115302707636,0.785786619835664,0.772130379903169
1977,"2","Pole-and-line",128872.5,1640,0.0229330536619472,0.830947736427431,0.814912667365801
1978,"2","Pole-and-line",129205,1847.5,0.0243846103081898,0.916816574654178,0.897334298072732
1979,"2","Pole-and-line",126825,2220,0.0268765133171913,1.08172637682572,1.0558291139907
1980,"2","Pole-and-line",121562.5,2727.5,0.0314644978946761,1.34148140861696,1.30743562100714
1981,"2","Pole-and-line",111975,3305,0.0377326178787533,1.70356434112523,1.65970616565728
1982,"2","Pole-and-line",104349.25,4036.25,0.0460623732179182,2.17341554035862,2.11813498771771
1983,"2","Pole-and-line",102173,5171.5,0.0574067341767937,2.80005955845527,2.7256406874655
1984,"2","Pole-and-line",105230.25,6742.5,0.0677769317179454,3.46097579755152,3.35126424855759
1985,"2","Pole-and-line",108655,8458.25,0.0746028735987017,4.04207784760221,3.88810725652702
1986,"2","Pole-and-line",109057.5,9235.25,0.0744805255029416,4.21787581923226,4.05246275472612
1987,"2","Pole-and-line",115085,9667.5,0.0731901201854831,4.16693605741256,3.99342873600993
1988,"2","Pole-and-line",134662.5,11585,0.0768006894494349,4.35072433833125,4.13022456991637
1989,"2","Pole-and-line",146570,13342.5,0.0801748614178196,4.59389202589175,4.3397914889991
1990,"2","Pole-and-line",156312.5,14960,0.0808189946246725,4.74299528395355,4.45998627333111
1991,"2","Pole-and-line",160152.5,17020,0.0824732276978243,5.05791190258616,4.73929555944704
1992,"2","Pole-and-line",155932.5,18805,0.0834905765089795,5.41829340325299,5.05029401001365
1993,"2","Pole-and-line",146735,19860,0.082889011780173,5.68862918644869,5.27657914614853
1994,"2","Pole-and-line",139695,21085,0.0834297810883264,5.99520895087398,5.52930831166706
1995,"2","Pole-and-line",135095,23497.5,0.0875498341965051,6.58469945355191,6.01704237390454
1996,"2","Pole-and-line",123400,24948.25,0.0894827926328437,7.09099565130887,6.44430361322879
1997,"2","Pole-and-line",113127.5,25382.75,0.089304263922154,7.35209778563049,6.66073955771137
1998,"2","Pole-and-line",114897.5,28887.5,0.0954133076585797,8.09134006036119,7.24270434230326
1999,"2","Pole-and-line",119765,34260.75,0.103653823172143,9.09744488479079,8.01198315498759
2000,"2","Pole-and-line",114370,38510.5,0.107621281964936,9.94435263130713,8.65395884277284
2001,"2","Pole-and-line",107050,41551.25,0.108645915180293,10.5185714918582,9.06315449480556
2002,"2","Pole-and-line",104574.25,43428,0.108145394146233,10.7632253987137,9.17564693861701
2003,"2","Pole-and-line",108597.5,46432.25,0.108737067168758,11.0427430718647,9.26608990864881
2004,"2","Pole-and-line",111020,49409.5,0.109666253647672,11.3807439824945,9.41034465064535
2005,"2","Pole-and-line",110732.5,52551,0.111645545416884,11.8948833735103,9.69425603204646
2006,"2","Pole-and-line",110287.5,56741.25,0.113778209566664,12.5355551014321,10.0318588664939
2007,"2","Pole-and-line",106992.5,59915.5,0.115660959756924,13.1310851162918,10.3727757548937
2008,"2","Pole-and-line",107390,65022.75,0.119988263717587,14.0970731707317,10.8966967747964
2009,"2","Pole-and-line",105810,69394.75,0.1241623662056,15.0828642222174,11.4335150647843
2010,"2","Pole-and-line",109302.5,74396.75,0.128588515195799,16.0738804236862,11.8890878171767
2011,"2","Pole-and-line",118342.5,81424,0.13407122121982,17.2633743765338,12.3576935894973
2012,"2","Pole-and-line",114267.5,80752.75,0.133085656862474,17.4511869644613,12.3446592347511
2013,"2","Pole-and-line",102459,74970.75,0.126891849349383,16.8423446951189,11.9055901900302
2014,"2","Pole-and-line",92641,69396,0.118480375983463,15.8635745390954,11.2184696794208
2015,"2","Pole-and-line",88028.5,66332.75,0.110579371542454,14.8996232009389,10.5190521874291
2016,"2","Pole-and-line",90691.5,66250.5,0.106697191227705,14.4996826508503,10.0989752014739
2017,"2","Pole-and-line",93544.75,67243.75,0.105194058056091,14.5143970299381,9.92221853177777
2018,"2","Pole-and-line",95319.75,68068.25,0.103674310819219,14.5711181752989,9.76263375319311
2019,"2","Pole-and-line",96143.75,68741.5,0.101679659852424,14.5770798763711,9.57712333449602
2020,"2","Pole-and-line",94199.5,67222.5,0.0989451226041529,14.3841442212534,9.32335275096179
2021,"2","Pole-and-line",88502.75,62279.75,0.0950118574602838,13.857882703722,8.94680236349854
2022,"2","Pole-and-line",84450,57836.75,0.0901550640446342,13.2051143012072,8.4677009857732
2023,"2","Pole-and-line",85402,55623.75,0.0860345236267711,12.6614729749724,8.02028139123546
2024,"2","Pole-and-line",84790.25,54776.5,0.0822342790829646,12.2085028138408,7.67332837214528
1952,"3","Pole-and-line",225322.5,0,0,0,0
1953,"3","Pole-and-line",226357.5,5,0.000860585197934596,0.00215371030442695,0.00215185685321832
1954,"3","Pole-and-line",229327.5,32.5,0.00363331470095025,0.0136418489952254,0.013638036292879
1955,"3","Pole-and-line",231960,90,0.00932642487046632,0.0372636089805298,0.0372732627652398
1956,"3","Pole-and-line",229190,177.5,0.0152688172043011,0.0737616356382979,0.0737774983556395
1957,"3","Pole-and-line",240227.5,307.5,0.0192729551864619,0.120175867122618,0.120175867122619
1958,"3","Pole-and-line",248547.5,465,0.018875583519383,0.170509235916946,0.170474628805942
1959,"3","Pole-and-line",239860,627.5,0.020699323767112,0.232795399740308,0.232814597777562
1960,"3","Pole-and-line",219585,785,0.0251743766535717,0.314034543799818,0.313933835215259
1961,"3","Pole-and-line",205477.5,902.5,0.0282406320894939,0.381570463697957,0.381451064350793
1962,"3","Pole-and-line",193530,967.5,0.0290083202158759,0.428277373232111,0.428148963855533
1963,"3","Pole-and-line",186015,987.5,0.0288763798523284,0.450465861530215,0.450367067935319
1964,"3","Pole-and-line",176800,962.5,0.0261886946466227,0.452765396963532,0.452673002147472
1965,"3","Pole-and-line",169815,922.5,0.0250084717045069,0.448305187705018,0.448244421159751
1966,"3","Pole-and-line",163300,877.5,0.0231805573900409,0.438163955709239,0.438048207735204
1967,"3","Pole-and-line",156517.5,827.5,0.0218380946097513,0.427488408735745,0.427375592635267
1968,"3","Pole-and-line",151085,785,0.0216313033893635,0.420759242633363,0.420498369584059
1969,"3","Pole-and-line",150250,755,0.0208161014612628,0.406471237449191,0.40624710111754
1970,"3","Pole-and-line",147605,762.5,0.0216834921086307,0.419013600769336,0.418626342358274
1971,"3","Pole-and-line",148330,795,0.0235154921245286,0.438487631339456,0.438001251507311
1972,"3","Pole-and-line",152110,850,0.0225868597621737,0.450122459786854,0.449464604600823
1973,"3","Pole-and-line",147327.5,985,0.0242357138463431,0.527069147726513,0.525739884328789
1974,"3","Pole-and-line",141610,1332.5,0.0330850403476102,0.738728499951491,0.735518630615885
1975,"3","Pole-and-line",139675,1632.5,0.0372993659678986,0.898953744493392,0.894640491820893
1976,"3","Pole-and-line",139970,1702.5,0.0369827305311176,0.92494499225817,0.920173091841936
1977,"3","Pole-and-line",137702.5,1782.5,0.0342771982116244,0.950109269228719,0.944399752443296
1978,"3","Pole-and-line",141125,2052.5,0.035813994067353,1.04740763421106,1.0396859499421
1979,"3","Pole-and-line",139567.5,2495,0.0413713053931932,1.26751082718417,1.25621393924135
1980,"3","Pole-and-line",131965,2702.5,0.0402008181480104,1.37963601092478,1.36727110655018
1981,"3","Pole-and-line",121170,2735,0.0398557324492696,1.46640930781191,1.4547096597952
1982,"3","Pole-and-line",116872.5,2805,0.0401790510295434,1.53054960644959,1.51712132879229
1983,"3","Pole-and-line",116420,2932.5,0.037952567379558,1.54545454545455,1.52535318565668
1984,"3","Pole-and-line",124787.5,3315,0.0373258268824771,1.5878147788914,1.5608632711737
1985,"3","Pole-and-line",129620,3732.5,0.0362986555153048,1.64853972285099,1.61162583588627
1986,"3","Pole-and-line",128665,3995,0.0351131619424302,1.69565263526491,1.65328926355987
1987,"3","Pole-and-line",129932.5,4225,0.0339514233481327,1.7117737622559,1.66596781470331
1988,"3","Pole-and-line",128405,4495,0.0333376596888732,1.76395565584224,1.71270468681206
1989,"3","Pole-and-line",128645,4785,0.033772100081166,1.83586556169429,1.77230964130674
1990,"3","Pole-and-line",130312.5,5120,0.0319341358448201,1.83081090262196,1.76383837131853
1991,"3","Pole-and-line",132380,5480,0.0319300801165331,1.87727486832527,1.80494577835119
1992,"3","Pole-and-line",132192.5,5850,0.0318358684117439,1.93556391910335,1.85277143778773
1993,"3","Pole-and-line",127132.5,6127.5,0.0312288972415111,1.9893673146382,1.89603928440953
1994,"3","Pole-and-line",125022.5,6485,0.0301036335573118,2.01132046212297,1.90362241976162
1995,"3","Pole-and-line",117905,6830,0.0296614769938983,2.07998660037915,1.9628058470149
1996,"3","Pole-and-line",118355,7130,0.031471386639006,2.1986663069036,2.06772457025732
1997,"3","Pole-and-line",132370,7467.5,0.0333374256409112,2.23520960234671,2.08737478160645
1998,"3","Pole-and-line",130190,8097.5,0.0339279541621712,2.35365073828625,2.18876427345905
1999,"3","Pole-and-line",121827.5,9023.75,0.0356222921827351,2.59769701331414,2.4054596920243
2000,"3","Pole-and-line",108807.5,10052.5,0.0368064690046692,2.87477121940059,2.64117571350853
2001,"3","Pole-and-line",107317.5,10809,0.0380494424501743,3.03685441557621,2.77324688622873
2002,"3","Pole-and-line",105772.75,11796,0.0384061574877112,3.16796583882208,2.87129612269549
2003,"3","Pole-and-line",102657.25,12951.75,0.0389507279719412,3.33554385196822,2.9952171389737
2004,"3","Pole-and-line",99223.5,14035.75,0.0411962868088672,3.61494578514951,3.2157682276964
2005,"3","Pole-and-line",89299.25,14832.5,0.0428255787011138,3.89483358497998,3.44514392335338
2006,"3","Pole-and-line",87721.5,15805.5,0.0452484218662773,4.18527982629189,3.66316375663787
2007,"3","Pole-and-line",89223.75,17358.25,0.0473126383271007,4.47689113558404,3.85432719904843
2008,"3","Pole-and-line",92517,18597.5,0.0502345268338405,4.78564627775919,4.06791599974388
2009,"3","Pole-and-line",93054.75,19915.75,0.0534690839384679,5.17181383210091,4.33136618401497
2010,"3","Pole-and-line",91859.75,21946.5,0.0561355089418687,5.60925738968192,4.6104670050276
2011,"3","Pole-and-line",93398,24350.75,0.0596281862448011,6.11816360244468,4.92837523266178
2012,"3","Pole-and-line",88174.75,26029,0.0609822311849528,6.48863572626029,5.1534867076583
2013,"3","Pole-and-line",85638.75,26249,0.0615981395479815,6.6425417230777,5.23404924683572
2014,"3","Pole-and-line",89019,26962,0.0616302811730143,6.70517212436973,5.21189182694282
2015,"3","Pole-and-line",93449,28122.75,0.0610770952341395,6.72121744429906,5.15413143632648
2016,"3","Pole-and-line",98119.5,29155,0.0616800433696069,6.84984611047154,5.1686073604874
2017,"3","Pole-and-line",96047.5,29316.5,0.0626091506338812,7.0595388597917,5.2548416828693
2018,"3","Pole-and-line",91456,29326.25,0.0630580168158295,7.25915245426867,5.33603044460598
2019,"3","Pole-and-line",86102.25,28912.75,0.062981958942544,7.37777182372605,5.37908421981906
2020,"3","Pole-and-line",86034.75,28507.75,0.0629245215863484,7.41390183801778,5.35104924373556
2021,"3","Pole-and-line",88261.75,28096,0.0625734953497488,7.3842110450409,5.26788699603756
2022,"3","Pole-and-line",87672.5,27424.75,0.0613241325798465,7.28771109310019,5.15061848269335
2023,"3","Pole-and-line",87034.25,26206.25,0.0601114549237202,7.13032180827546,5.01627848602563
2024,"3","Pole-and-line",84806,25608.5,0.0587197384170194,7.03129397390224,4.91755590276836
1952,"4","Pole-and-line",168605,0,0,0,0
1953,"4","Pole-and-line",168270,40,0.00882028665931643,0.0231535077564251,0.0231279801844775
1954,"4","Pole-and-line",167320,177.5,0.0272552783109405,0.102218574986683,0.102100856858099
1955,"4","Pole-and-line",168402.5,380,0.0490164463076427,0.216200839200626,0.215852240620812
1956,"4","Pole-and-line",170132.5,622.5,0.0548095971824785,0.344203148974993,0.343748555337783
1957,"4","Pole-and-line",179325,957.5,0.0714818962299365,0.499354620008084,0.498795432303708
1958,"4","Pole-and-line",176425,1320,0.0667509481668774,0.677418113236596,0.676647346736074
1959,"4","Pole-and-line",164422.5,1637.5,0.0665447526160723,0.873974247781707,0.872908750375085
1960,"4","Pole-and-line",149282.5,1827.5,0.0686578378886071,1.05000071819475,1.04901452422631
1961,"4","Pole-and-line",136657.5,1882.5,0.0604625020073872,1.13470261147361,1.1344292769759
1962,"4","Pole-and-line",130455,1822.5,0.0549442267108833,1.12633839593344,1.12650817862803
1963,"4","Pole-and-line",126225,1695,0.0480306035704165,1.06040226469392,1.06115347060544
1964,"4","Pole-and-line",117665,1537.5,0.0397852244792341,0.993217054263566,0.993923833122209
1965,"4","Pole-and-line",118432.5,1420,0.0386105635238937,0.923246968564091,0.92362352228657
1966,"4","Pole-and-line",122597.5,1317.5,0.0377615362568071,0.843564419829366,0.843866642679692
1967,"4","Pole-and-line",121737.5,1235,0.0377704717486046,0.806201550387597,0.805893345803765
1968,"4","Pole-and-line",122142.5,1160,0.0368049496311573,0.760655737704918,0.760655737704918
1969,"4","Pole-and-line",129605,1202.5,0.0388278979657733,0.75459266115495,0.754227181984226
1970,"4","Pole-and-line",128102.5,1297.5,0.0422019840624492,0.823639566438671,0.823170752244081
1971,"4","Pole-and-line",126557.5,1422.5,0.0465744454448719,0.913909412142628,0.913086542081764
1972,"4","Pole-and-line",125937.5,1537.5,0.0492078732597216,0.987999421658875,0.987129843035235
1973,"4","Pole-and-line",115225,1570,0.0478366849482023,1.07236774700318,1.07008055193035
1974,"4","Pole-and-line",105709.25,1576.25,0.0511433229775878,1.16850142703584,1.16629296967015
1975,"4","Pole-and-line",100854.75,1590.5,0.0523078946935688,1.22721398121178,1.22445939406043
1976,"4","Pole-and-line",91585.75,1510.25,0.0406224152887144,1.18732679494487,1.18554633569658
1977,"4","Pole-and-line",88019.75,1464.5,0.0349380919436028,1.14042089279109,1.138931329037
1978,"4","Pole-and-line",91231.75,1610.5,0.0380483252712464,1.22157959609368,1.21836170416782
1979,"4","Pole-and-line",88995.75,1870,0.0432050274941084,1.43586593465658,1.43013501094206
1980,"4","Pole-and-line",83932.75,2092.25,0.0419669138848354,1.59127640560531,1.58448579778374
1981,"4","Pole-and-line",79026,2172.5,0.0446680990614045,1.73460018364007,1.72586236235375
1982,"4","Pole-and-line",77263.5,2185.5,0.0461409351693998,1.78908376481182,1.77827162254283
1983,"4","Pole-and-line",78066.5,2203,0.0434621777451159,1.74598771547454,1.73302742668785
1984,"4","Pole-and-line",85689.25,2377.75,0.0433164822152389,1.72876981241821,1.70785797281451
1985,"4","Pole-and-line",87695,2635,0.039939825007484,1.75631540358595,1.72958103761663
1986,"4","Pole-and-line",85569.75,2875.5,0.0409488513174337,1.89692421868558,1.86103699251244
1987,"4","Pole-and-line",80624.75,3035.5,0.0403901296662209,2.00770540866776,1.96626473625033
1988,"4","Pole-and-line",74936,3149.75,0.0393694144115993,2.09864410167572,2.05388675527881
1989,"4","Pole-and-line",75492.25,3265.5,0.0410278638937836,2.18092566619916,2.12368449363914
1990,"4","Pole-and-line",82397.75,3439,0.0409557126907332,2.1431798706863,2.08026434102506
1991,"4","Pole-and-line",83931.5,3657.25,0.041462246370034,2.20798430307147,2.13680603875741
1992,"4","Pole-and-line",79479.25,3785,0.0406240105611695,2.28590409469743,2.20529028705075
1993,"4","Pole-and-line",73998,3759,0.0380906057865497,2.27635383707023,2.18887917291021
1994,"4","Pole-and-line",70457,3640.25,0.0340707012092396,2.14922509225092,2.06301490319852
1995,"4","Pole-and-line",66658.25,3513.75,0.0299635448866907,1.99115984529729,1.92418365829087
1996,"4","Pole-and-line",78359.5,3640,0.0313297499214604,1.95620045680505,1.87491063677506
1997,"4","Pole-and-line",94246.75,3859.25,0.0332805857141625,1.92404526872071,1.82833330407212
1998,"4","Pole-and-line",91270.75,4051.25,0.0312630222400568,1.91861428808221,1.83495455605245
1999,"4","Pole-and-line",87481.75,4381.5,0.0315925523342905,2.03916367063423,1.93740967878834
2000,"4","Pole-and-line",86173.75,4661.75,0.031497246714638,2.10550681435814,1.99014174215763
2001,"4","Pole-and-line",78668.25,4892.75,0.0315690313464302,2.23466812820425,2.09316818809257
2002,"4","Pole-and-line",68021,5180.5,0.031756491675453,2.42320060808045,2.24220178866145
2003,"4","Pole-and-line",58781.25,5415.5,0.0312564480312132,2.53436757806559,2.34503628743954
2004,"4","Pole-and-line",58155.5,5605.25,0.0317984617719264,2.58980756347171,2.40778199361319
2005,"4","Pole-and-line",47992.5,5515.25,0.0302842693667772,2.55436167010166,2.43264040912756
2006,"4","Pole-and-line",54242,6062.25,0.0329993794499967,2.75334673161427,2.57783788842896
2007,"4","Pole-and-line",54322.25,6634,0.0350406910949688,2.98234375175607,2.75285059814691
2008,"4","Pole-and-line",57274,7463.5,0.0381709060316015,3.29845650708769,2.97681530904041
2009,"4","Pole-and-line",51250.5,8125.75,0.0403183991227526,3.65921756262314,3.24885274309139
2010,"4","Pole-and-line",39366.25,8717.75,0.0417525260930838,4.09207191137815,3.57458968405308
2011,"4","Pole-and-line",40694.75,9491.5,0.0445216322644045,4.43465869270663,3.80308617090885
2012,"4","Pole-and-line",47109.5,10574.25,0.0475396754034977,4.72835200214635,3.97731186221995
2013,"4","Pole-and-line",48156.75,11494.25,0.0499445989397758,5.07388401478784,4.18616375818128
2014,"4","Pole-and-line",45346.25,12072.5,0.0509252277609457,5.32825775129648,4.34465858224672
2015,"4","Pole-and-line",46332.5,12883.75,0.0518225112926516,5.5197934964226,4.43961018646062
2016,"4","Pole-and-line",49258.75,13833.5,0.0535189580564728,5.78989222559381,4.55837379292778
2017,"4","Pole-and-line",52242.75,14127,0.055637221840967,6.03485838779956,4.65780803211036
2018,"4","Pole-and-line",53605.75,14120.75,0.0569571109918965,6.20065428358143,4.70815938113976
2019,"4","Pole-and-line",46669.25,13820.75,0.0552770300807513,6.20146951595715,4.71295511526788
2020,"4","Pole-and-line",46497.75,13803.5,0.0550164359784016,6.23084388471348,4.68970818718863
2021,"4","Pole-and-line",52350.75,13961.5,0.0558363961398639,6.25823658613116,4.62280884142273
2022,"4","Pole-and-line",54242.5,13862,0.0550161234310661,6.15664764273501,4.5149238075608
2023,"4","Pole-and-line",47928.75,13204.5,0.053252272280447,6.07201158807164,4.4749086867924
2024,"4","Pole-and-line",36990.5,12377,0.0509002752283202,6.01643009916391,4.48102794849202
1952,"5","Pole-and-line",175547.5,0,0,0,0
1953,"5","Pole-and-line",180267.5,0,0,0,0
1954,"5","Pole-and-line",183440,17.5,0.00582847626977519,0.009387278896056,0.00937946267715837
1955,"5","Pole-and-line",182255,55,0.010853478046374,0.0293693597479575,0.0293838488252875
1956,"5","Pole-and-line",177460,117.5,0.018409714061888,0.0639568903343448,0.0638817353515784
1957,"5","Pole-and-line",189160,202.5,0.0248542497698681,0.102741029186063,0.102646453215655
1958,"5","Pole-and-line",202197.5,310,0.0300678952473327,0.146093759204496,0.146022908690818
1959,"5","Pole-and-line",195215,432.5,0.0305707722212405,0.207019517273565,0.206836605524781
1960,"5","Pole-and-line",176682.5,542.5,0.0320579110651499,0.281015281015281,0.280807705833559
1961,"5","Pole-and-line",166100,632.5,0.034506273867976,0.344142771641547,0.344001960360188
1962,"5","Pole-and-line",155735,685,0.0341092991410432,0.391143595380508,0.391046211191443
1963,"5","Pole-and-line",150100,710,0.0336492890995261,0.416471140309714,0.416273760622363
1964,"5","Pole-and-line",141457.5,692.5,0.0308497605524,0.424299981618773,0.424252726915397
1965,"5","Pole-and-line",134692.5,667.5,0.0290280495759948,0.425138926484404,0.424907822480009
1966,"5","Pole-and-line",129937.5,635,0.0263786478346661,0.414038176275939,0.413909179025048
1967,"5","Pole-and-line",124380,600,0.0239115273488094,0.403063280935107,0.402862492212911
1968,"5","Pole-and-line",119272.5,565,0.023065931822821,0.394580627138767,0.394379269398851
1969,"5","Pole-and-line",118830,547.5,0.0233525271912988,0.386352409851104,0.386064025668021
1970,"5","Pole-and-line",115992.5,545,0.023544659250459,0.393295928124267,0.392913633777889
1971,"5","Pole-and-line",114282.5,562.5,0.0241028387787895,0.410486563406491,0.410046834897218
1972,"5","Pole-and-line",119532.5,597.5,0.0259867348048277,0.421056340509496,0.420644303207703
1973,"5","Pole-and-line",116682.5,657.5,0.0267875331024649,0.467904924565898,0.466951767253684
1974,"5","Pole-and-line",111072.5,827.5,0.0315118050266565,0.606582612520158,0.604619188222207
1975,"5","Pole-and-line",116565,1050,0.0408798909869574,0.744298144571054,0.7406034584339
1976,"5","Pole-and-line",118197.5,1157.5,0.044036522731596,0.808380619816674,0.80415188345659
1977,"5","Pole-and-line",115312.5,1207.5,0.0418653029383722,0.845736298371564,0.840678154609092
1978,"5","Pole-and-line",116960,1337.5,0.0422624219922585,0.909523647614838,0.903344720867474
1979,"5","Pole-and-line",114597.5,1597.5,0.0467720685111989,1.08767808813767,1.07868177544849
1980,"5","Pole-and-line",110880,1805,0.0485443420964163,1.23704274822239,1.22556477476346
1981,"5","Pole-and-line",100935,1859,0.0461004339739616,1.33731386231206,1.32434697526522
1982,"5","Pole-and-line",96756,1889,0.0455823268945381,1.39040188429265,1.37535428116281
1983,"5","Pole-and-line",100574,1932.25,0.0444284769924985,1.36566834526018,1.34539900563749
1984,"5","Pole-and-line",108737.5,2090,0.0423012700500936,1.34799574317134,1.32043968992835
1985,"5","Pole-and-line",114662.5,2332.5,0.0404561616512011,1.38431407460162,1.3485387217067
1986,"5","Pole-and-line",114182.5,2502.5,0.0378764946269109,1.42363432082261,1.38123988270821
1987,"5","Pole-and-line",119315,2662.5,0.0368831168831169,1.42857142857143,1.37978973407545
1988,"5","Pole-and-line",119860,2805,0.0356416772554003,1.45455488287074,1.40072526284074
1989,"5","Pole-and-line",116310,2932.5,0.0346877217885025,1.50804160292095,1.44632142376189
1990,"5","Pole-and-line",125347.5,3132.5,0.0342921262212978,1.49751410268668,1.4256691637992
1991,"5","Pole-and-line",134687.5,3330,0.0336244761952845,1.47807849795266,1.40196197006294
1992,"5","Pole-and-line",142450,3550,0.0337572803993819,1.49103280272166,1.40635248973694
1993,"5","Pole-and-line",139545,3700,0.0328072353254123,1.5300636837317,1.43774161095466
1994,"5","Pole-and-line",144012.5,3895,0.0314563185204628,1.52322477831116,1.42195119727825
1995,"5","Pole-and-line",138470,4045,0.030159558604235,1.5613390074207,1.45106623864802
1996,"5","Pole-and-line",131695,4172.5,0.0301258100034295,1.63055159342699,1.51129390752663
1997,"5","Pole-and-line",141837.5,4410,0.0314904404020208,1.65739627179796,1.52259616800247
1998,"5","Pole-and-line",140862.5,4647.5,0.0326386572326492,1.74495006382819,1.5946178840574
1999,"5","Pole-and-line",131167.5,5025,0.0333875950965084,1.90865065046055,1.73906538204233
2000,"5","Pole-and-line",123685,5505,0.0343536459795937,2.08908495801907,1.89467340423293
2001,"5","Pole-and-line",116870,6000,0.0345781466113416,2.24357775866582,2.02428846182988
2002,"5","Pole-and-line",116272.5,6632.5,0.0353003792162863,2.38983172990307,2.13547388268739
2003,"5","Pole-and-line",118880,7375,0.0359379187681212,2.51500477424635,2.2272465104776
2004,"5","Pole-and-line",119907.5,8035,0.0375256865309172,2.67904774606562,2.35283126764559
2005,"5","Pole-and-line",114322.5,8545,0.0391357614756632,2.88382845523654,2.51648595933553
2006,"5","Pole-and-line",112675,9117.5,0.0412491234419888,3.09629327763911,2.67426248739289
2007,"5","Pole-and-line",120797.5,10095,0.0437429586619291,3.29506230262675,2.79369254460292
2008,"5","Pole-and-line",117012.5,10925,0.0459743511514629,3.58469981215189,2.99709912860546
2009,"5","Pole-and-line",110162.5,11674.75,0.0485894199734885,3.93420387531592,3.24631768496673
2010,"5","Pole-and-line",106282.5,12865.75,0.0512606741192513,4.33441982296115,3.51280530547288
2011,"5","Pole-and-line",106122.5,14347,0.0545588507921719,4.77644238772181,3.78888577473373
2012,"5","Pole-and-line",103610,15686.75,0.0571584992147732,5.19613769802165,4.05116430786144
2013,"5","Pole-and-line",98838.75,16464.75,0.0587185851690971,5.51749271137026,4.25097291162865
2014,"5","Pole-and-line",103496,17505.25,0.0606911866422357,5.76309270035144,4.35095451217101
2015,"5","Pole-and-line",110060,18700.25,0.0617493488750294,5.92229858120091,4.38832319638137
2016,"5","Pole-and-line",107817.5,19479.75,0.062026852112777,6.12700809134014,4.47926512832755
2017,"5","Pole-and-line",99794.5,19452.75,0.0622927038977071,6.34363280613077,4.59721272031902
2018,"5","Pole-and-line",93966.5,19279,0.0626215019221056,6.51945285156316,4.68054512489667
2019,"5","Pole-and-line",88853,19009,0.0627075172157849,6.65557928643955,4.7372816636606
2020,"5","Pole-and-line",87273.5,18834,0.0626637066044932,6.71803103263777,4.73661401762492
2021,"5","Pole-and-line",92724,18722.25,0.0629183973867807,6.65910849094353,4.63577354192819
2022,"5","Pole-and-line",99942.75,18628.75,0.0627570309519378,6.53187703258268,4.48640788228838
2023,"5","Pole-and-line",97115,17907.5,0.0612825095457155,6.39742066858985,4.39415631067031
2024,"5","Pole-and-line",92520.25,17363.5,0.059941779128344,6.3522869659859,4.34605173102799
1952,"All regions","Pole-and-line",1279560,352.5,0.0375599360681939,0.027355481572882,0.0273481945506198
1953,"All regions","Pole-and-line",1282547.5,1722.5,0.0436186376297797,0.130466232157938,0.130301043208637
1954,"All regions","Pole-and-line",1289475,3857.5,0.0659063728002734,0.287000353402898,0.286644851512897
1955,"All regions","Pole-and-line",1297712.5,6292.5,0.0842510460251046,0.460649008149662,0.460032239603186
1956,"All regions","Pole-and-line",1300692.5,9560,0.0996715842151905,0.68929217768741,0.688447765125473
1957,"All regions","Pole-and-line",1347192.5,14300,0.119196465783112,0.984377312512262,0.983002942254316
1958,"All regions","Pole-and-line",1325815,17947.5,0.114882381180989,1.22605612635261,1.22407450259262
1959,"All regions","Pole-and-line",1221212.5,19690,0.102302986218452,1.41285960559762,1.4101985765562
1960,"All regions","Pole-and-line",1107005,19412.5,0.0917848699763593,1.49440727938969,1.4938243545644
1961,"All regions","Pole-and-line",1068062.5,18800,0.0848653101759375,1.47924338274636,1.48011145393281
1962,"All regions","Pole-and-line",1002317.5,17290,0.0764722793516,1.4273714364731,1.42860250053958
1963,"All regions","Pole-and-line",945775,15575,0.0678191199843243,1.34255956934654,1.34397722058673
1964,"All regions","Pole-and-line",882347.5,14052.5,0.0601633325841013,1.27506289115577,1.27634574671206
1965,"All regions","Pole-and-line",859512.5,12987.5,0.0586052073462389,1.21575639003431,1.21646957233973
1966,"All regions","Pole-and-line",852292.5,12182.5,0.0571861101005715,1.15673758696896,1.15692763222282
1967,"All regions","Pole-and-line",817780,11457.5,0.0543931068041824,1.12663937952481,1.12662600806155
1968,"All regions","Pole-and-line",781335,11387.5,0.0554689593024672,1.16771816846418,1.1674337684134
1969,"All regions","Pole-and-line",785362.5,12727.5,0.0632870479718558,1.30725835235633,1.30634831086444
1970,"All regions","Pole-and-line",760830,14175,0.0709432829098007,1.49792747072173,1.49676545849515
1971,"All regions","Pole-and-line",739567.5,15215,0.0768929487422456,1.65017217537485,1.64850426075774
1972,"All regions","Pole-and-line",737695,15825,0.0780931936785225,1.71248163748955,1.70897457515288
1973,"All regions","Pole-and-line",693725,14990,0.0699576473882556,1.68000829356996,1.67412790191831
1974,"All regions","Pole-and-line",656849.25,14168.75,0.0650314801704186,1.64849228764482,1.64048533429238
1975,"All regions","Pole-and-line",633499.75,13600.5,0.0600757987358043,1.60945996319679,1.60055027368504
1976,"All regions","Pole-and-line",596623.25,12727.75,0.0523672817378478,1.54177177622793,1.53279097557376
1977,"All regions","Pole-and-line",586399.75,13167,0.0500509366257146,1.57773650470313,1.56721264381475
1978,"All regions","Pole-and-line",604404.25,15508,0.0550382362779275,1.78591581735475,1.77124909555512
1979,"All regions","Pole-and-line",593440.75,17820,0.0596711057236712,2.04536063541619,2.024692107881
1980,"All regions","Pole-and-line",570337.75,19619.75,0.0611545801452362,2.26035939250627,2.23536365098659
1981,"All regions","Pole-and-line",523313.5,20073,0.0619397481431653,2.43703447396696,2.40959769188926
1982,"All regions","Pole-and-line",498693.75,20776.25,0.0640376589671987,2.60147000820149,2.5716375928694
1983,"All regions","Pole-and-line",501586,22664.25,0.067168757270188,2.79216099345825,2.75381271471592
1984,"All regions","Pole-and-line",536497,26222.75,0.0712307129183126,3.00830869214819,2.95327241422374
1985,"All regions","Pole-and-line",558305,30450.75,0.0731077532524046,3.25792327217968,3.18200886420131
1986,"All regions","Pole-and-line",549437.25,32766.5,0.0722514451281294,3.41891088179134,3.33004874356092
1987,"All regions","Pole-and-line",551494.75,33809.5,0.0694461276176196,3.41216275883646,3.31629916945036
1988,"All regions","Pole-and-line",558705.75,36491.5,0.0682986675850142,3.5104689251134,3.39875892651336
1989,"All regions","Pole-and-line",558941,38800,0.0685427294580487,3.64036394257044,3.50927726469898
1990,"All regions","Pole-and-line",592829.25,42242.5,0.0685017864302652,3.69738226998309,3.54897439883046
1991,"All regions","Pole-and-line",613577,45983.25,0.0692154766487657,3.82250864534149,3.65574730999275
1992,"All regions","Pole-and-line",608574.75,47514.5,0.0672141890412771,3.85060172616395,3.66528132099661
1993,"All regions","Pole-and-line",574280,47011.75,0.0628958016842497,3.80322424718015,3.60671533428691
1994,"All regions","Pole-and-line",555036.25,46826.5,0.0588124289006259,3.71792326992092,3.50811669603967
1995,"All regions","Pole-and-line",530862,49190.75,0.0582244477402417,3.85640424597824,3.62379927529405
1996,"All regions","Pole-and-line",517388.25,51055,0.0599137936092736,4.04254350455385,3.77910175575992
1997,"All regions","Pole-and-line",548459.5,52980.25,0.0620004470377314,4.10943311343549,3.81724133604578
1998,"All regions","Pole-and-line",545326.75,58210,0.0644152676688971,4.40361003729565,4.06778685016165
1999,"All regions","Pole-and-line",527549.5,65205.5,0.0676416653072911,4.84799256505576,4.43898302851095
2000,"All regions","Pole-and-line",495397,70334,0.0683889665009871,5.17541358459605,4.69985575298416
2001,"All regions","Pole-and-line",470270.25,73874.5,0.0684033281974548,5.39649435510086,4.85961141344597
2002,"All regions","Pole-and-line",464642.5,77247.5,0.0675537999258415,5.49114457638625,4.89508318947408
2003,"All regions","Pole-and-line",463050.25,82229.5,0.0669592572468894,5.61326083765952,4.95524626108844
2004,"All regions","Pole-and-line",461326,86792.25,0.0679345789509628,5.81565475512433,5.08855551641677
2005,"All regions","Pole-and-line",433450,91702.25,0.0693738445462583,6.14120061879282,5.34966151291333
2006,"All regions","Pole-and-line",433006.25,98210,0.0721733276893953,6.53375401457305,5.60978316217687
2007,"All regions","Pole-and-line",438514.5,105646.75,0.0745156159629844,6.89351588281641,5.83309531697276
2008,"All regions","Pole-and-line",434658.75,114212,0.0780992289366218,7.43206024411948,6.18137662368312
2009,"All regions","Pole-and-line",419301.75,121465.25,0.0816068929515143,8.01635738763577,6.5565954028519
2010,"All regions","Pole-and-line",406128.75,130131.75,0.084523557060428,8.61963784495392,6.90714440402292
2011,"All regions","Pole-and-line",419391.25,141834.5,0.0887050523939222,9.28786355793189,7.25824889312452
2012,"All regions","Pole-and-line",416439.75,146074.75,0.0891111290733372,9.5237311313912,7.34033642530706
2013,"All regions","Pole-and-line",396109.5,142599,0.0871105691945912,9.46732637442343,7.24490939133459
2014,"All regions","Pole-and-line",400129.75,140144.25,0.0844663275017132,9.24057977703673,6.99867237857488
2015,"All regions","Pole-and-line",420747.75,141842.5,0.0819610677344223,9.00783186184932,6.74440238142454
2016,"All regions","Pole-and-line",430661,144648.25,0.0807653115350899,9.00651602699808,6.63821648782459
2017,"All regions","Pole-and-line",423455.25,145013,0.0805660675588698,9.15114923397549,6.64095640416766
2018,"All regions","Pole-and-line",420343.75,144846.5,0.0802061322489047,9.24987068387476,6.60953042631649
2019,"All regions","Pole-and-line",417942.25,144627,0.0793331336661851,9.27115468751753,6.54335137950936
2020,"All regions","Pole-and-line",419653,142276,0.0779217827436572,9.16678076068766,6.39961632407716
2021,"All regions","Pole-and-line",419415.75,136246.75,0.0758290152664841,8.91706603531242,6.17757593641487
2022,"All regions","Pole-and-line",414853.25,130420.5,0.0733063910989453,8.64837354570683,5.94799623934785
2023,"All regions","Pole-and-line",395749.5,125511.25,0.0713296444152332,8.51017484977159,5.82597310994307
2024,"All regions","Pole-and-line",356290.25,122692.75,0.0692318966865896,8.49143539345283,5.80391511773879
1952,"1","PS (unspecified)",448357.5,105,0.0155153306243074,0.0230760355370947,0.0230675109580266
1953,"1","PS (unspecified)",438842.5,590,0.0227032227032227,0.127101072280656,0.126893210979187
1954,"1","PS (unspecified)",436542.5,1247.5,0.035488229855629,0.265206877308602,0.264754209286739
1955,"1","PS (unspecified)",437482.5,1725,0.0379600594157452,0.358543999584297,0.357853619434357
1956,"1","PS (unspecified)",444537.5,1982.5,0.0339541853992721,0.395831045533049,0.395170055990091
1957,"1","PS (unspecified)",450912.5,2312.5,0.0316835074499058,0.443477051860446,0.442626402266194
1958,"1","PS (unspecified)",401732.5,2240,0.025138881095337,0.458652197281871,0.457571259495786
1959,"1","PS (unspecified)",332837.5,1917.5,0.018222422845739,0.439965124016245,0.438637629522171
1960,"1","PS (unspecified)",295102.5,1500,0.0131164742917104,0.367705639378823,0.367617217683449
1961,"1","PS (unspecified)",307325,1177.5,0.010233791065531,0.279440644078054,0.27985351483673
1962,"1","PS (unspecified)",285757.5,930,0.00831991411701557,0.234363187339348,0.234808724799623
1963,"1","PS (unspecified)",267017.5,800,0.00730793824792181,0.212805575506078,0.213276986413726
1964,"1","PS (unspecified)",247575,692.5,0.00664651118149534,0.197124964417876,0.197555388925075
1965,"1","PS (unspecified)",249382.5,672.5,0.00721915087756964,0.196635989503001,0.196926231020436
1966,"1","PS (unspecified)",255892.5,725,0.0085880123193556,0.21345659838509,0.213608308831704
1967,"1","PS (unspecified)",243535,707.5,0.00863463005339436,0.217816295429706,0.217949211552013
1968,"1","PS (unspecified)",230045,642.5,0.00816417294069062,0.208527729319648,0.20856085104037
1969,"1","PS (unspecified)",236825,627.5,0.0083789558018427,0.201745784236501,0.201604354757633
1970,"1","PS (unspecified)",223180,602.5,0.00799310138967198,0.202283028369985,0.202001250412652
1971,"1","PS (unspecified)",203575,560,0.00744606588438653,0.20139176091921,0.200970005079104
1972,"1","PS (unspecified)",188105,557.5,0.00756984283241115,0.213613809222752,0.213004706402741
1973,"1","PS (unspecified)",157940,512.5,0.0069925299314391,0.222289692264319,0.221789261807947
1974,"1","PS (unspecified)",143145,477.5,0.00692882536457955,0.225725631086319,0.225586425698216
1975,"1","PS (unspecified)",128030,475,0.00705585264408794,0.243645969582724,0.243935507276821
1976,"1","PS (unspecified)",108595,512.5,0.00755788231824215,0.291110479977279,0.291786632470959
1977,"1","PS (unspecified)",110005,585,0.00850321595988226,0.32794696789203,0.328733497194725
1978,"1","PS (unspecified)",117920,697.5,0.00933516244521029,0.363309633565122,0.36352844352946
1979,"1","PS (unspecified)",114655,837.5,0.010697065491586,0.436055971363488,0.435791416538444
1980,"1","PS (unspecified)",112802.5,1097.5,0.0137402190923318,0.57342894836527,0.57208287102169
1981,"1","PS (unspecified)",101401,1195,0.0151459460829668,0.667989602839655,0.66621166121053
1982,"1","PS (unspecified)",94779.5,1187.5,0.0151868785369441,0.691855045443952,0.690576495019466
1983,"1","PS (unspecified)",95065,1137.5,0.0149886514496167,0.670675982429763,0.668791409497579
1984,"1","PS (unspecified)",101503.5,1148.5,0.0152028592229797,0.654415954415954,0.650950915276814
1985,"1","PS (unspecified)",105662.5,1282.5,0.0167242615896199,0.710624740268735,0.705157326866394
1986,"1","PS (unspecified)",99381.5,1577.25,0.0198535450960894,0.893815966565134,0.884972792267181
1987,"1","PS (unspecified)",94364.5,2046,0.0246586238896991,1.17276166456494,1.16100903028529
1988,"1","PS (unspecified)",88911.5,2526,0.0280946051907174,1.43952129933039,1.42637659446555
1989,"1","PS (unspecified)",80062.75,2613.5,0.027851932371011,1.53230534709193,1.52047039869495
1990,"1","PS (unspecified)",85662.25,2794.25,0.0291336283970118,1.57170177461541,1.55540490286536
1991,"1","PS (unspecified)",89021.5,3092,0.0311968722411401,1.68395828227541,1.65971302089257
1992,"1","PS (unspecified)",86356.25,3360.25,0.0337415997449486,1.85672252075534,1.82677545850157
1993,"1","PS (unspecified)",76867.5,3563.25,0.0355689205545088,2.0714161144053,2.04116536985743
1994,"1","PS (unspecified)",67846,3718,0.0381786582532596,2.31976290750273,2.29029072224374
1995,"1","PS (unspecified)",65751.5,4322.25,0.0455911902916001,2.79210607063839,2.7499540439561
1996,"1","PS (unspecified)",59172.5,4758,0.0516640425647429,3.28466397431915,3.22565451077052
1997,"1","PS (unspecified)",60234,5217,0.0577835249943928,3.64201193758944,3.55902463835058
1998,"1","PS (unspecified)",60940.5,5360.75,0.059392311101263,3.74047133113542,3.63594658246539
1999,"1","PS (unspecified)",60063,5269.75,0.0579453176972516,3.68810581936522,3.57245647916637
2000,"1","PS (unspecified)",55846.75,5090.25,0.0570403240717395,3.71165029075597,3.59296748656419
2001,"1","PS (unspecified)",54886.25,5143.25,0.0605415872119029,3.90817043749169,3.76581300383562
2002,"1","PS (unspecified)",65380.25,5588.75,0.0667172032196161,4.00311582264881,3.81438799884316
2003,"1","PS (unspecified)",70036,5956.75,0.0661513816357523,3.99192467497654,3.7744124420347
2004,"1","PS (unspecified)",69575.75,6263,0.0652783423491031,4.07707580639911,3.83737342733086
2005,"1","PS (unspecified)",67659.75,6815,0.0653053010847484,4.30273853681635,4.02181905603936
2006,"1","PS (unspecified)",64183.5,6586.75,0.0609864495132102,4.1638877913868,3.87810206013177
2007,"1","PS (unspecified)",62090.75,6556.25,0.0581401793533083,4.10471122241352,3.79255242254554
2008,"1","PS (unspecified)",55200,6938,0.0592423081274589,4.45178780538668,4.08964747015302
2009,"1","PS (unspecified)",53791.25,7121.5,0.0618022138235971,4.70897459210157,4.2730295627483
2010,"1","PS (unspecified)",53779.75,6667,0.0604504085865512,4.57434947426199,4.09098676706793
2011,"1","PS (unspecified)",54667.25,6055,0.0565373994196863,4.23337761308816,3.732177895587
2012,"1","PS (unspecified)",56082.5,5836.5,0.0536603305215253,4.04224742446541,3.49868513949765
2013,"1","PS (unspecified)",53308.5,5712.5,0.0521734762376645,4.05206504584065,3.45589719727436
2014,"1","PS (unspecified)",61370.25,5951.25,0.0538666063246026,4.05584993099688,3.35218738631292
2015,"1","PS (unspecified)",73717,6642.25,0.0558915532630578,4.1033838360438,3.2731893887739
2016,"1","PS (unspecified)",75767.25,6923,0.0554567592681598,4.15440238834631,3.25461632362531
2017,"1","PS (unspecified)",73532.25,6579.5,0.0521138195283262,3.97943600211688,3.10105396890572
2018,"1","PS (unspecified)",78167.75,6224.25,0.0484312417204694,3.63247738546834,2.80967623582483
2019,"1","PS (unspecified)",92371.75,6340.75,0.0470570554970092,3.3721564091314,2.55269181991314
2020,"1","PS (unspecified)",98079,6339.75,0.0446495069168969,3.19636487389238,2.39977944628039
2021,"1","PS (unspecified)",90433.5,6044.25,0.041784405120521,3.11904946203266,2.35881845161557
2022,"1","PS (unspecified)",81579,5701.75,0.0402727820127739,3.10925400807067,2.36090894128243
2023,"1","PS (unspecified)",71628,5927.75,0.0432898140862145,3.47449555265742,2.66190838550241
2024,"1","PS (unspecified)",52342.5,7726.5,0.0563368471708534,5.05148573109738,3.99037474135732
1952,"2","PS (unspecified)",261480,0,0,0,0
1953,"2","PS (unspecified)",267727.5,5,0.00217155266015201,0.00185169754372321,0.00184968701435977
1954,"2","PS (unspecified)",270487.5,25,0.00508388408744281,0.00907836444186215,0.00907836444186218
1955,"2","PS (unspecified)",273627.5,57.5,0.00848708487084871,0.020510808304202,0.0204956711763023
1956,"2","PS (unspecified)",272797.5,85,0.0104134762633997,0.0302625723186471,0.0302625723186471
1957,"2","PS (unspecified)",277162.5,115,0.0121244069583553,0.0401357635829022,0.0401146060902385
1958,"2","PS (unspecified)",283442.5,142.5,0.011491935483871,0.0481923636240657,0.0481534988146916
1959,"2","PS (unspecified)",273955,152.5,0.00839295542102367,0.0522318408726999,0.0522174677739457
1960,"2","PS (unspecified)",251747.5,152.5,0.00680272108843537,0.0556559186876152,0.0556372984404798
1961,"2","PS (unspecified)",238450,152.5,0.00608903972848872,0.0579126752807815,0.0578779901089224
1962,"2","PS (unspecified)",224090,135,0.00487188740526886,0.0536443380388027,0.0536298186401997
1963,"2","PS (unspecified)",205157.5,122.5,0.004138863079652,0.0522109749600426,0.052197744710454
1964,"2","PS (unspecified)",188792.5,110,0.00348791121680539,0.0499523182416784,0.0499364792188511
1965,"2","PS (unspecified)",177982.5,97.5,0.00306651989306495,0.0465005365446524,0.0464932239897626
1966,"2","PS (unspecified)",172032.5,95,0.00298789117785815,0.0466343498803461,0.0466050154882213
1967,"2","PS (unspecified)",163610,87.5,0.00264970853206147,0.0445230311279592,0.0444994365168686
1968,"2","PS (unspecified)",150640,85,0.0024784954074938,0.0459900715551407,0.0459531936730073
1969,"2","PS (unspecified)",140335,77.5,0.00218110180820376,0.0440954738129783,0.0440520391662899
1970,"2","PS (unspecified)",135070,87.5,0.00247367305109902,0.0513565464923479,0.0513892137422193
1971,"2","PS (unspecified)",135107.5,160,0.00457436923736688,0.0941328744355705,0.0942607083726926
1972,"2","PS (unspecified)",140077.5,350,0.00942760942760943,0.198017001173958,0.197483622046217
1973,"2","PS (unspecified)",145912.5,627.5,0.0146023619756821,0.333963117698715,0.331145929260393
1974,"2","PS (unspecified)",146300,942.5,0.0182637341342893,0.480218072504012,0.473727381571515
1975,"2","PS (unspecified)",140712.5,1190,0.0200979564262793,0.601602588407775,0.592178734316436
1976,"2","PS (unspecified)",131800,1370,0.0208396714329176,0.702465036981964,0.690256848592066
1977,"2","PS (unspecified)",128857.5,1625,0.0227233001223562,0.823347604691815,0.807459197847211
1978,"2","PS (unspecified)",129197.5,1840,0.0242856200092391,0.913094721171143,0.893691533669189
1979,"2","PS (unspecified)",126682.5,2077.5,0.0251513317191283,1.01229123777272,0.988056299241293
1980,"2","PS (unspecified)",121015,2180,0.0251485262732883,1.07220145583317,1.04498979057582
1981,"2","PS (unspecified)",110837.5,2167.5,0.0247459755679872,1.11723924641117,1.08847598004907
1982,"2","PS (unspecified)",102587.75,2274.75,0.0259598348658927,1.22489365139196,1.19373863445299
1983,"2","PS (unspecified)",99656.25,2654.75,0.0294693082385851,1.43738917389715,1.39918681524684
1984,"2","PS (unspecified)",101920.75,3433,0.034509188963694,1.76218463670662,1.70632408829042
1985,"2","PS (unspecified)",104542.5,4345.75,0.0383300845850569,2.07677235908342,1.99766406881474
1986,"2","PS (unspecified)",104655.25,4833,0.0389772209475344,2.20730287045283,2.12073874487332
1987,"2","PS (unspecified)",110450,5032.5,0.0380997444875556,2.16913428589901,2.07881356234497
1988,"2","PS (unspecified)",128920,5842.5,0.0387318107991647,2.19413957243853,2.08293802759917
1989,"2","PS (unspecified)",139640,6412.5,0.0385326062463383,2.20785704448423,2.08573452675336
1990,"2","PS (unspecified)",148347.5,6995,0.0377893627940898,2.21773074941545,2.08540133569192
1991,"2","PS (unspecified)",150905,7772.5,0.0376629355041915,2.30978967466809,2.16428758729742
1992,"2","PS (unspecified)",145667.5,8540,0.037915954447577,2.46063417515451,2.29351294046884
1993,"2","PS (unspecified)",135810,8935,0.0372917079685723,2.55931026087206,2.37392923820932
1994,"2","PS (unspecified)",127727.5,9117.5,0.0360764064061093,2.59242673035777,2.39096364864237
1995,"2","PS (unspecified)",121065,9467.5,0.0352751592831328,2.65307552192798,2.42435785402452
1996,"2","PS (unspecified)",108130,9678.25,0.0347133301052707,2.75083136742177,2.49995817120365
1997,"2","PS (unspecified)",97505,9760.25,0.0343395393306952,2.82705035554461,2.56120724776285
1998,"2","PS (unspecified)",97131.5,11121.5,0.0367335041497151,3.11511340480509,2.78839416158981
1999,"2","PS (unspecified)",98977.25,13473,0.0407617451339589,3.57755959612053,3.15070303619004
2000,"2","PS (unspecified)",91459.75,15600.25,0.0435963932946468,4.02836595568868,3.50563927855954
2001,"2","PS (unspecified)",82728.75,17230,0.0450520530322542,4.36172165229003,3.75820587697121
2002,"2","PS (unspecified)",79497.5,18351.25,0.0456987004772512,4.54818642576552,3.87732778120787
2003,"2","PS (unspecified)",81990,19824.75,0.0464264637693378,4.71481827208352,3.95625703937426
2004,"2","PS (unspecified)",82835.25,21224.75,0.0471091352292255,4.88880571231141,4.04238481716643
2005,"2","PS (unspecified)",81050.5,22869,0.0485856021415141,5.17638271143856,4.21871974266656
2006,"2","PS (unspecified)",79387.25,25841,0.0518166715293047,5.70892039523465,4.5686914717083
2007,"2","PS (unspecified)",75457.75,28380.75,0.0547862370108122,6.21992712927705,4.91337225769125
2008,"2","PS (unspecified)",74575.5,32208.25,0.0594347669835863,6.98281842818428,5.39754984058403
2009,"2","PS (unspecified)",71645,35229.75,0.0630337182687701,7.65714316764111,5.80447191399327
2010,"2","PS (unspecified)",72932,38026.25,0.0657251697952432,8.21580775317738,6.07684375470588
2011,"2","PS (unspecified)",78287.25,41368.75,0.0681170027613165,8.77093017708825,6.27852152535515
2012,"2","PS (unspecified)",74170,40655.25,0.0670024321296565,8.78586015754157,6.2149611914593
2013,"2","PS (unspecified)",65231.5,37743.25,0.0638823913720499,8.47910453628976,5.99374645364835
2014,"2","PS (unspecified)",58465.25,35220.25,0.0601318298206174,8.05117097758627,5.69366111485705
2015,"2","PS (unspecified)",55746.25,34050.5,0.0567635578308804,7.6484032367657,5.39973069875821
2016,"2","PS (unspecified)",58817,34376,0.0553629428554288,7.52358232474667,5.24014719173238
2017,"2","PS (unspecified)",61469.5,35168.5,0.0550165216952601,7.5910336937987,5.18932305879471
2018,"2","PS (unspecified)",63404,36152.5,0.0550636386551998,7.73903177814169,5.18514309920285
2019,"2","PS (unspecified)",65625.5,38223.25,0.0565382928573595,8.10548749131894,5.32529519279147
2020,"2","PS (unspecified)",67101.5,40124.5,0.0590594454524948,8.58576510551796,5.56502461907793
2021,"2","PS (unspecified)",65492.25,39269.25,0.059907825313561,8.73781061040124,5.64122718400146
2022,"2","PS (unspecified)",64790.5,38177.25,0.0595101284010255,8.71651588230258,5.58941395322368
2023,"2","PS (unspecified)",67904.75,38126.5,0.0589711277117435,8.67862467705405,5.49738661026879
2024,"2","PS (unspecified)",68717.75,38704,0.0581051278856273,8.62628851618655,5.42182325112979
1952,"3","PS (unspecified)",225322.5,0,0,0,0
1953,"3","PS (unspecified)",226357.5,5,0.000860585197934596,0.00215371030442695,0.00215185685321832
1954,"3","PS (unspecified)",229315,20,0.00223588596981554,0.00839498399706176,0.00839263771869478
1955,"3","PS (unspecified)",231912.5,42.5,0.00440414507772021,0.0175967042408057,0.0176012629724743
1956,"3","PS (unspecified)",229087.5,75,0.00645161290322581,0.0311668882978723,0.0311735908544955
1957,"3","PS (unspecified)",240022.5,102.5,0.00642431839548731,0.0400586223742062,0.0400586223742062
1958,"3","PS (unspecified)",248215,132.5,0.00537852648670591,0.0485859650731081,0.0485761039070694
1959,"3","PS (unspecified)",239380,147.5,0.00486557809665182,0.0547208310146541,0.0547253437007018
1960,"3","PS (unspecified)",218955,155,0.00497073679146957,0.0620068207502825,0.0619869356157518
1961,"3","PS (unspecified)",204722.5,147.5,0.00461550496753501,0.0623619317401093,0.0623424177193817
1962,"3","PS (unspecified)",192700,137.5,0.00412262948804437,0.0608662933534008,0.0608480439587966
1963,"3","PS (unspecified)",185147.5,120,0.0035090284377513,0.0547401553251907,0.054728150027583
1964,"3","PS (unspecified)",175945,107.5,0.00292497109040201,0.0505686027777451,0.0505582833567307
1965,"3","PS (unspecified)",168985,92.5,0.00250762453405625,0.044952010691289,0.0449459175688639
1966,"3","PS (unspecified)",162507.5,85,0.00224541011755382,0.0424432321769633,0.0424320201224984
1967,"3","PS (unspecified)",155767.5,77.5,0.002045259616019,0.0400366787637707,0.0400261129054178
1968,"3","PS (unspecified)",150377.5,77.5,0.00213557453844034,0.0415399252281346,0.04151417024556
1969,"3","PS (unspecified)",149567.5,72.5,0.00199889716018748,0.039032006245121,0.0390104832198962
1970,"3","PS (unspecified)",146912.5,70,0.00199061566898905,0.0384668223657096,0.0384312707738744
1971,"3","PS (unspecified)",147605,70,0.00207054647637359,0.0386089738286313,0.0385661479314613
1972,"3","PS (unspecified)",151347.5,87.5,0.00232511791669435,0.0463361355662938,0.0462684151794965
1973,"3","PS (unspecified)",146465,122.5,0.00301408623977364,0.0655492087274089,0.0653838942439357
1974,"3","PS (unspecified)",140447.5,170,0.00422098075729361,0.0942467879863065,0.0938372736995876
1975,"3","PS (unspecified)",138262.5,220,0.00502656080424973,0.121145374449339,0.120564109158099
1976,"3","PS (unspecified)",138530,262.5,0.00570218312153796,0.142612664004564,0.141876908433779
1977,"3","PS (unspecified)",136235,315,0.00605740108648623,0.167901497787964,0.166892522872167
1978,"3","PS (unspecified)",139440,367.5,0.00641249345663933,0.187538273116963,0.186155706018866
1979,"3","PS (unspecified)",137495,422.5,0.0070057621357211,0.214638607008141,0.21272560694568
1980,"3","PS (unspecified)",129730,467.5,0.00695425808850874,0.238660438522603,0.236521458764925
1981,"3","PS (unspecified)",118922.5,487.5,0.00710408393748406,0.261380086858613,0.259294683418705
1982,"3","PS (unspecified)",114580,512.5,0.00734109221128022,0.279645872836155,0.27719239964565
1983,"3","PS (unspecified)",114060,572.5,0.00740932474843886,0.30171277997365,0.297788473585148
1984,"3","PS (unspecified)",122170,697.5,0.00785362420830401,0.334087724970363,0.32841693262252
1985,"3","PS (unspecified)",126757.5,870,0.00846077168072743,0.384254402915033,0.375650228324463
1986,"3","PS (unspecified)",125692.5,1022.5,0.00898703581630411,0.433993697010855,0.423151006755937
1987,"3","PS (unspecified)",126847.5,1140,0.00916085742411154,0.461875050644194,0.449515576038291
1988,"3","PS (unspecified)",125222.5,1312.5,0.00973429996477111,0.515059354458942,0.500094527573044
1989,"3","PS (unspecified)",125350,1490,0.0105162861276776,0.571669736034377,0.551879073259569
1990,"3","PS (unspecified)",126862.5,1670,0.0104160169650097,0.597159024878646,0.575314468769913
1991,"3","PS (unspecified)",128757.5,1857.5,0.0108230152949745,0.636320815312808,0.611804157534186
1992,"3","PS (unspecified)",128400,2057.5,0.0111969742319937,0.680756027958145,0.651637133888591
1993,"3","PS (unspecified)",123242.5,2237.5,0.0114034528890871,0.72643155716083,0.692352166277652
1994,"3","PS (unspecified)",120955,2417.5,0.0112221332497766,0.749786772117547,0.709638735508669
1995,"3","PS (unspecified)",113625,2550,0.0110741971207087,0.776568935719887,0.732819166894289
1996,"3","PS (unspecified)",113877.5,2652.5,0.011707973781201,0.817947037736576,0.769234140618169
1997,"3","PS (unspecified)",127697.5,2795,0.0124778178327883,0.836613436700241,0.781280550999668
1998,"3","PS (unspecified)",125157.5,3065,0.0128421339310966,0.890884780839437,0.828473293998391
1999,"3","PS (unspecified)",116287.5,3483.75,0.0137525042683589,1.00287873335732,0.928662718059526
2000,"3","PS (unspecified)",102742.75,3987.75,0.0146008452398279,1.14039979409746,1.0477342403923
2001,"3","PS (unspecified)",100898.75,4390.25,0.0154543958476157,1.23346748986802,1.12639903249752
2002,"3","PS (unspecified)",98886,4909.25,0.0159838444088289,1.31844153053894,1.19497376147362
2003,"3","PS (unspecified)",95227,5521.5,0.0166052035050919,1.42198586126528,1.27690014344342
2004,"3","PS (unspecified)",91269.75,6082,0.017851259560161,1.56643572771525,1.39346328916157
2005,"3","PS (unspecified)",81013,6546.25,0.0189008558619361,1.71896540405698,1.52049711163001
2006,"3","PS (unspecified)",79081.75,7165.75,0.0205143069810051,1.89748308596698,1.66077097776899
2007,"3","PS (unspecified)",80002.75,8137.25,0.0221793536921752,2.09868980991927,1.80684251007197
2008,"3","PS (unspecified)",82912.75,8993.25,0.0242920639036664,2.31420961889812,1.96713459146104
2009,"3","PS (unspecified)",83056,9917,0.026624802250369,2.57529230749255,2.15679341460284
2010,"3","PS (unspecified)",81101,11187.75,0.0286164099133981,2.85945227537028,2.35029513751612
2011,"3","PS (unspecified)",81655.25,12608,0.030873470926951,3.16777950164256,2.5517470687104
2012,"3","PS (unspecified)",75733,13587.25,0.0318329870785566,3.38709576901265,2.69014223629914
2013,"3","PS (unspecified)",73162.5,13772.75,0.0323203084483014,3.48531626029633,2.74628563999987
2014,"3","PS (unspecified)",76383.5,14326.5,0.032747801469668,3.56285321711234,2.7693853667642
2015,"3","PS (unspecified)",80510.75,15184.5,0.0329777547566575,3.62903081252577,2.78290383390314
2016,"3","PS (unspecified)",84911.25,15946.75,0.0337367940869243,3.74662265347837,2.82704474106851
2017,"3","PS (unspecified)",82877.25,16146.25,0.0344823904088928,3.8880862079345,2.89413768771949
2018,"3","PS (unspecified)",78372.25,16242.5,0.0349250189891688,4.02052030990866,2.95538892618431
2019,"3","PS (unspecified)",73419.25,16229.75,0.0353540029276964,4.14140447574574,3.0194703761008
2020,"3","PS (unspecified)",73930.25,16403.25,0.0362065283549656,4.2659306793579,3.0789732092959
2021,"3","PS (unspecified)",76848.75,16683,0.0371552399957239,4.38463812871645,3.12799539987523
2022,"3","PS (unspecified)",77022.25,16774.5,0.0375092448230389,4.45756879210236,3.15040427854181
2023,"3","PS (unspecified)",77285.75,16457.75,0.0377505097933072,4.47790331467285,3.15026595767759
2024,"3","PS (unspecified)",75740.75,16543.25,0.0379333156009667,4.54225956357296,3.17677164568299
1952,"4","PS (unspecified)",168607.5,2.5,0.0032258064516129,0.00147597118904239,0.00147597118904241
1953,"4","PS (unspecified)",168257.5,27.5,0.00606394707828004,0.0159180365825423,0.0159004863768283
1954,"4","PS (unspecified)",167230,87.5,0.0134357005758157,0.0503894383737169,0.0503314083103306
1955,"4","PS (unspecified)",168185,162.5,0.0209609803289262,0.0924543062371097,0.0923052344760051
1956,"4","PS (unspecified)",169727.5,217.5,0.0191503411842395,0.120263750846684,0.120104916925249
1957,"4","PS (unspecified)",178627.5,260,0.0194102276969018,0.135594988200628,0.135443146108579
1958,"4","PS (unspecified)",175397.5,292.5,0.0147914032869785,0.150109695546746,0.149938900697198
1959,"4","PS (unspecified)",163075,290,0.0117850248907853,0.154780172126226,0.15459147334887
1960,"4","PS (unspecified)",147715,260,0.00976800976800977,0.149384507102946,0.149244200437122
1961,"4","PS (unspecified)",134995,220,0.00706600289063755,0.132608007715375,0.13257606424154
1962,"4","PS (unspecified)",128820,187.5,0.00565269822128429,0.115878435795621,0.115895903151032
1963,"4","PS (unspecified)",124682.5,152.5,0.00432133748937376,0.0954049235196597,0.0954725098922296
1964,"4","PS (unspecified)",116262.5,135,0.0034933367835425,0.0872093023255814,0.087271360957072
1965,"4","PS (unspecified)",117132.5,120,0.00326286452314595,0.0780208705828809,0.0780526920242172
1966,"4","PS (unspecified)",121397.5,117.5,0.00336772714244769,0.0752325004401902,0.0752594539012249
1967,"4","PS (unspecified)",120620,117.5,0.00359354690725591,0.076703386372909,0.0766740632647307
1968,"4","PS (unspecified)",121087.5,105,0.00333148250971682,0.0688524590163934,0.0688524590163935
1969,"4","PS (unspecified)",128502.5,100,0.00322893122376493,0.0627519884536341,0.0627215951754034
1970,"4","PS (unspecified)",126902.5,97.5,0.00317124735729387,0.0618919905416343,0.061856761729324
1971,"4","PS (unspecified)",125230,95,0.0031104199066874,0.0610343719884356,0.0609794175731231
1972,"4","PS (unspecified)",124487.5,87.5,0.00280044807169147,0.0562276093627002,0.0561781211483467
1973,"4","PS (unspecified)",113752.5,97.5,0.00297074954296161,0.0665960861992418,0.0664540470147827
1974,"4","PS (unspecified)",104233.25,100.25,0.00325273156447466,0.07431706141814,0.0741766028291407
1975,"4","PS (unspecified)",99376,111.75,0.00367520102609639,0.0862251885573195,0.0860316487181721
1976,"4","PS (unspecified)",90198.5,123,0.00330843044562944,0.096700013758132,0.0965550069794266
1977,"4","PS (unspecified)",86697.5,142.25,0.00339361118400649,0.110771506998657,0.110626822502911
1978,"4","PS (unspecified)",89788.5,167.25,0.0039513085387246,0.126860718687779,0.126526541460459
1979,"4","PS (unspecified)",87320.75,195,0.00450533709163162,0.149729335432104,0.149131725739947
1980,"4","PS (unspecified)",82071.5,231,0.00463346020188648,0.175688779875649,0.174939046140778
1981,"4","PS (unspecified)",77117,263.5,0.00541774181941546,0.210387640225159,0.209327840036922
1982,"4","PS (unspecified)",75362,284,0.00599589365733679,0.232486748664634,0.231081739099595
1983,"4","PS (unspecified)",76162,298.5,0.00588899684835093,0.236576183871607,0.234820102980628
1984,"4","PS (unspecified)",83641.25,329.75,0.00600719588286196,0.23974843681838,0.23684835097701
1985,"4","PS (unspecified)",85437,377,0.00571435067469505,0.25128307671799,0.247458083939837
1986,"4","PS (unspecified)",83135.25,441,0.00628010552286151,0.290921085181826,0.285417253937745
1987,"4","PS (unspecified)",78110.5,521.25,0.00693571243238928,0.344759164641103,0.337643055104755
1988,"4","PS (unspecified)",72406.75,620.5,0.00775576526467096,0.413432388313289,0.404615201730456
1989,"4","PS (unspecified)",72945.25,718.5,0.0090272608199919,0.479863754758565,0.467269119179214
1990,"4","PS (unspecified)",79763.75,805,0.00958689988835132,0.501674846147854,0.486947599454835
1991,"4","PS (unspecified)",81169.5,895.25,0.0101494500137461,0.540487510376575,0.523063943180688
1992,"4","PS (unspecified)",76679.25,985,0.0105719023521141,0.5948786085276,0.573899850130777
1993,"4","PS (unspecified)",71312.75,1073.75,0.0108804969309145,0.65023541701361,0.625248473506874
1994,"4","PS (unspecified)",67968,1151.25,0.0107750552206956,0.67970479704797,0.652440328907988
1995,"4","PS (unspecified)",64366.75,1222.25,0.0104227514017098,0.692620454191282,0.669322938839138
1996,"4","PS (unspecified)",76071,1351.5,0.0116324607194653,0.726320032245062,0.696137836703706
1997,"4","PS (unspecified)",91884,1496.5,0.0129052008865049,0.7460863495862,0.708972155093327
1998,"4","PS (unspecified)",88818,1598.5,0.0123354374700971,0.757026828632995,0.724017243529737
1999,"4","PS (unspecified)",84835.5,1735.25,0.0125119197621996,0.807590724516272,0.767292056400199
2000,"4","PS (unspecified)",83383,1871,0.0126414648153779,0.845048157808566,0.798746221821615
2001,"4","PS (unspecified)",75796.75,2021.25,0.0130415215592401,0.923166512520125,0.864711297364896
2002,"4","PS (unspecified)",65076.5,2236,0.0137066915136209,1.0458983804011,0.967775928857641
2003,"4","PS (unspecified)",55800.25,2434.5,0.0140511167448968,1.1393071496262,1.05419459731725
2004,"4","PS (unspecified)",55144,2593.75,0.014714287537743,1.19839674729133,1.11416699450234
2005,"4","PS (unspecified)",45107.25,2630,0.0144413450767643,1.21807192645254,1.16002797262236
2006,"4","PS (unspecified)",51115.5,2935.75,0.0159805234393712,1.33335604228407,1.24836283243933
2007,"4","PS (unspecified)",50913.75,3225.5,0.0170370438840551,1.45003765017926,1.33845637689522
2008,"4","PS (unspecified)",53487,3676.5,0.0188028855128536,1.6248107922969,1.46637120435279
2009,"4","PS (unspecified)",47230.25,4105.5,0.0203706965632047,1.8488038277512,1.64146877971408
2010,"4","PS (unspecified)",35135,4486.5,0.0214875063309478,2.10594254600075,1.83962566229866
2011,"4","PS (unspecified)",36129.25,4926,0.0231063120196446,2.30154651217119,1.97376626222378
2012,"4","PS (unspecified)",42060.75,5525.5,0.0248415231758306,2.47076709817336,2.07831635290411
2013,"4","PS (unspecified)",42699.75,6037.25,0.0262329451638133,2.665011311593,2.19874434165604
2014,"4","PS (unspecified)",39654.25,6380.5,0.0269147579812561,2.81606532053404,2.29621818877823
2015,"4","PS (unspecified)",40320,6871.25,0.0276383374964302,2.94385416220385,2.36776338362026
2016,"4","PS (unspecified)",42893.5,7468.25,0.0288931187700331,3.12577168567542,2.46091553685133
2017,"4","PS (unspecified)",45814.5,7698.75,0.0303204545655939,3.28879917980264,2.53835206251926
2018,"4","PS (unspecified)",47230,7745,0.031240042110528,3.40095727396478,2.58234827519271
2019,"4","PS (unspecified)",40478,7629.5,0.0305147044119235,3.42341129620282,2.60170331218901
2020,"4","PS (unspecified)",40416.5,7722.25,0.0307784744980774,3.48579231272711,2.62361712960607
2021,"4","PS (unspecified)",46366.25,7977,0.0319025127678039,3.57568694248958,2.64127394105427
2022,"4","PS (unspecified)",48488,8107.5,0.0321774073522846,3.60085274588617,2.64065392943293
2023,"4","PS (unspecified)",42607.5,7883.25,0.0317922659286481,3.62506610259122,2.67157589497188
2024,"4","PS (unspecified)",32234.75,7621.25,0.0313423060987182,3.70467139801672,2.75923359880785
1952,"5","PS (unspecified)",175547.5,0,0,0,0
1953,"5","PS (unspecified)",180267.5,0,0,0,0
1954,"5","PS (unspecified)",183432.5,10,0.00333055786844296,0.00536415936917486,0.00535969295837621
1955,"5","PS (unspecified)",182230,30,0.00592007893438579,0.0160196507716132,0.0160275539047023
1956,"5","PS (unspecified)",177395,52.5,0.0082256169212691,0.0285764829153456,0.0285429030294286
1957,"5","PS (unspecified)",189032.5,75,0.00920527769254373,0.0380522330318751,0.0380172048946871
1958,"5","PS (unspecified)",201980,92.5,0.00897187196896217,0.0435924926658577,0.0435713517867763
1959,"5","PS (unspecified)",194890,107.5,0.00759851563880544,0.0514557181662618,0.0514102545524022
1960,"5","PS (unspecified)",176252.5,112.5,0.00664795390751957,0.0582750582750583,0.0582320127304616
1961,"5","PS (unspecified)",165575,107.5,0.00586470267321331,0.0584906686979705,0.0584667363458027
1962,"5","PS (unspecified)",155147.5,97.5,0.00485497323540396,0.0556737234300724,0.0556598621768842
1963,"5","PS (unspecified)",149477.5,87.5,0.00414691943127962,0.0513256687001408,0.0513013437386715
1964,"5","PS (unspecified)",140840,75,0.00334112930170398,0.0459530666013112,0.0459479487634004
1965,"5","PS (unspecified)",134097.5,72.5,0.00315285931724288,0.0461761380825757,0.0461510368985778
1966,"5","PS (unspecified)",129365,62.5,0.00259632360577422,0.0407517890035373,0.0407390924237252
1967,"5","PS (unspecified)",123840,60,0.00239115273488094,0.0403063280935107,0.0402862492212911
1968,"5","PS (unspecified)",118762.5,55,0.00224535619514187,0.0384105035267826,0.0383909023308616
1969,"5","PS (unspecified)",118335,52.5,0.00223928342930262,0.0370474913555853,0.0370198380777554
1970,"5","PS (unspecified)",115495,47.5,0.00205205745760881,0.0342780854787205,0.0342447662466967
1971,"5","PS (unspecified)",113767.5,47.5,0.00203535083020889,0.0346633097987704,0.0346261771690984
1972,"5","PS (unspecified)",118982.5,47.5,0.00206589105142981,0.0334730981994997,0.0334403420960099
1973,"5","PS (unspecified)",116085,60,0.00244448971277246,0.0426985482493595,0.0426115681144046
1974,"5","PS (unspecified)",110322.5,77.5,0.00295125666412795,0.0568098519278698,0.056625966268545
1975,"5","PS (unspecified)",115617.5,102.5,0.00399065602491727,0.0726576760176505,0.0722970042756902
1976,"5","PS (unspecified)",117160,120,0.00456534144949591,0.0838061981667394,0.0833677978529511
1977,"5","PS (unspecified)",114252.5,147.5,0.00511398110427321,0.103309402906671,0.102691534413947
1978,"5","PS (unspecified)",115792.5,170,0.00537167232798799,0.115603005678148,0.114817646764464
1979,"5","PS (unspecified)",113197.5,197.5,0.00578246230420143,0.134470373963812,0.133358153772192
1980,"5","PS (unspecified)",109300,225,0.00605123377933168,0.15420200462606,0.152771232311235
1981,"5","PS (unspecified)",99323.25,247.25,0.00613143211407316,0.177864901805626,0.176140284902811
1982,"5","PS (unspecified)",95131,264,0.00637042578092009,0.19431767996467,0.192214679844882
1983,"5","PS (unspecified)",98932,290.25,0.00667375621533067,0.205141796978532,0.202097068902203
1984,"5","PS (unspecified)",106987.5,340,0.00688154632393867,0.219291173530265,0.214808370610353
1985,"5","PS (unspecified)",112745,415,0.00719798803226086,0.246298109736194,0.239932934408695
1986,"5","PS (unspecified)",112172.5,492.5,0.00745421522627516,0.280175785416637,0.271832424469048
1987,"5","PS (unspecified)",117230,577.5,0.008,0.309859154929577,0.299278336686787
1988,"5","PS (unspecified)",117715,660,0.00838627700127065,0.342248207734291,0.329582414786056
1989,"5","PS (unspecified)",114137.5,760,0.00898982730068607,0.390830901353766,0.374835219798478
1990,"5","PS (unspecified)",123097.5,882.5,0.00966091026026985,0.421885457500717,0.401645023799774
1991,"5","PS (unspecified)",132347.5,990,0.00999646589589539,0.439428742634575,0.416799504613306
1992,"5","PS (unspecified)",140012.5,1112.5,0.0105788660406514,0.467260279726154,0.440723139389395
1993,"5","PS (unspecified)",137067.5,1222.5,0.0108396878879234,0.505541311719461,0.475037599835696
1994,"5","PS (unspecified)",141465,1347.5,0.010882513275051,0.52696929108454,0.491933052203452
1995,"5","PS (unspecified)",135872.5,1447.5,0.0107925738144945,0.5587239093304,0.51926288762497
1996,"5","PS (unspecified)",129042.5,1520,0.0109745311456472,0.593993630199887,0.550549248517788
1997,"5","PS (unspecified)",139060,1632.5,0.0116571755002946,0.613537282020445,0.563636790082548
1998,"5","PS (unspecified)",137957.5,1742.5,0.0122373018241832,0.654238942704813,0.597874483694463
1999,"5","PS (unspecified)",128060,1917.5,0.0127404405169263,0.728325894976735,0.663613506480829
2000,"5","PS (unspecified)",120325,2145,0.0133857530656183,0.814003130781272,0.738251489932723
2001,"5","PS (unspecified)",113272.5,2402.5,0.0138456662056247,0.898365927532438,0.810558838257714
2002,"5","PS (unspecified)",112362.5,2722.5,0.0144900538886302,0.980975029726516,0.876566550413331
2003,"5","PS (unspecified)",114620,3115,0.0151792023000268,1.06226981312236,0.940728526120369
2004,"5","PS (unspecified)",115347.5,3475,0.0162292172613488,1.15864230461456,1.01755926012053
2005,"5","PS (unspecified)",109545,3767.5,0.0172550007442436,1.27148317204256,1.10952145720264
2006,"5","PS (unspecified)",107672.5,4115,0.0186169611147556,1.39744961200822,1.20697451446359
2007,"5","PS (unspecified)",115387.5,4685,0.020300719299766,1.52920920136764,1.29652794170032
2008,"5","PS (unspecified)",111300,5212.5,0.0219351309269565,1.71032016209077,1.42996606021565
2009,"5","PS (unspecified)",104222.5,5734.75,0.0238675925559831,1.93251895534962,1.59462261237825
2010,"5","PS (unspecified)",99922.25,6505.5,0.0259196949639772,2.19167698410693,1.77623184927064
2011,"5","PS (unspecified)",99204.25,7428.75,0.0282500915050078,2.47319972034491,1.96185162048186
2012,"5","PS (unspecified)",96175,8251.75,0.0300672635119132,2.73334051028098,2.13104658883425
2013,"5","PS (unspecified)",91124.5,8750.5,0.0312070926993841,2.93237492041151,2.25925923340509
2014,"5","PS (unspecified)",95415.5,9424.75,0.0326758693138579,3.10282389155466,2.34253487031512
2015,"5","PS (unspecified)",101574.75,10215,0.0337305436429152,3.2350519381809,2.39711883269131
2016,"5","PS (unspecified)",99105,10767.25,0.0342847635832748,3.38664653660761,2.47587199286361
2017,"5","PS (unspecified)",91173.25,10831.5,0.0346852461614946,3.53220283711071,2.5597773877799
2018,"5","PS (unspecified)",85477.25,10789.75,0.0350469604421411,3.64869891618619,2.61952963127516
2019,"5","PS (unspecified)",80561.75,10717.75,0.0353560677910189,3.75258219250026,2.67099797731066
2020,"5","PS (unspecified)",79215.5,10776,0.0358534619501974,3.84376672017121,2.71008562461113
2021,"5","PS (unspecified)",84944,10942.25,0.0367727614899652,3.89192697913054,2.709385519324
2022,"5","PS (unspecified)",92478,11164,0.0376095816169863,3.91448031627206,2.68865369914071
2023,"5","PS (unspecified)",90202.25,10994.75,0.0376259037737124,3.92785374262059,2.69790032649685
2024,"5","PS (unspecified)",86105.5,10948.75,0.0377969622617247,4.00550591291146,2.74045174590911
1952,"All regions","PS (unspecified)",1279315,107.5,0.0114544485881726,0.00834245182719096,0.00834022954380604
1953,"All regions","PS (unspecified)",1281452.5,627.5,0.0158900987591795,0.04752833711414,0.0474681594272393
1954,"All regions","PS (unspecified)",1287007.5,1390,0.0237485050401504,0.103416848018154,0.103288747531543
1955,"All regions","PS (unspecified)",1293437.5,2017.5,0.0270125523012552,0.14769318616479,0.147495437965741
1956,"All regions","PS (unspecified)",1293545,2412.5,0.025152478757233,0.173945332496954,0.173732241983808
1957,"All regions","PS (unspecified)",1335757.5,2865,0.0238809702425606,0.19721965037396,0.19694429577333
1958,"All regions","PS (unspecified)",1310767.5,2900,0.018562970075212,0.198109082959886,0.197788887450542
1959,"All regions","PS (unspecified)",1204137.5,2615,0.0135867094444517,0.187639810494555,0.18728640313329
1960,"All regions","PS (unspecified)",1089772.5,2180,0.0103073286052009,0.167820109160053,0.167754647415345
1961,"All regions","PS (unspecified)",1051067.5,1805,0.00814797259933868,0.142023101375382,0.142106445444081
1962,"All regions","PS (unspecified)",986515,1487.5,0.00657909285919636,0.122800174190499,0.122906085572737
1963,"All regions","PS (unspecified)",931482.5,1282.5,0.00558446365199974,0.110551052820991,0.11066778718475
1964,"All regions","PS (unspecified)",869415,1120,0.00479508503783622,0.101623941511792,0.101726186537449
1965,"All regions","PS (unspecified)",847580,1055,0.00476061549569063,0.0987582669094279,0.0988162001015141
1966,"All regions","PS (unspecified)",841195,1085,0.00509311959442808,0.103021570438032,0.103038496282517
1967,"All regions","PS (unspecified)",807372.5,1050,0.00498474904162265,0.103248644861536,0.103247419460147
1968,"All regions","PS (unspecified)",770912.5,965,0.00470055286295331,0.0989548217403231,0.0989307210993575
1969,"All regions","PS (unspecified)",773565,930,0.00462439242693584,0.0955215295770091,0.0954550327325812
1970,"All regions","PS (unspecified)",747560,905,0.00452935950852696,0.0956348755557786,0.0955606871208543
1971,"All regions","PS (unspecified)",725285,932.5,0.0047126306080936,0.101136086331716,0.101033862843023
1972,"All regions","PS (unspecified)",723000,1130,0.00557632283454853,0.122281469217263,0.12203104391297
1973,"All regions","PS (unspecified)",680155,1420,0.00662707533631241,0.159146883046654,0.15858983460467
1974,"All regions","PS (unspecified)",644448.25,1767.75,0.00811358793621579,0.205672500501747,0.2046735209313
1975,"All regions","PS (unspecified)",621998.5,2099.25,0.00927275618515034,0.248421663008041,0.247046444030243
1976,"All regions","PS (unspecified)",586283.5,2388,0.0098252298159518,0.289269588232978,0.287584596623137
1977,"All regions","PS (unspecified)",576047.5,2814.75,0.0106995423306167,0.337277574740878,0.335027856700659
1978,"All regions","PS (unspecified)",592138.5,3242.25,0.0115068172280185,0.373380549317671,0.370314184940907
1979,"All regions","PS (unspecified)",579350.75,3730,0.0124900799298145,0.428125430421009,0.423799189808985
1980,"All regions","PS (unspecified)",554919,4201,0.0130944783287319,0.483990357059537,0.478638244513546
1981,"All regions","PS (unspecified)",507601.25,4360.75,0.0134560731686996,0.529432475581699,0.523471984003691
1982,"All regions","PS (unspecified)",482440.25,4522.75,0.0139402597722831,0.566310016465594,0.559815843723005
1983,"All regions","PS (unspecified)",483875.25,4953.5,0.0146804080937104,0.610254893989233,0.601873491615444
1984,"All regions","PS (unspecified)",516223,5948.75,0.016159010915057,0.682448497294011,0.669963267548731
1985,"All regions","PS (unspecified)",535144.5,7290.25,0.0175028134987921,0.779983256077696,0.76180849805813
1986,"All regions","PS (unspecified)",525037,8366.25,0.0184479164025212,0.872948382182619,0.850259267874705
1987,"All regions","PS (unspecified)",527002.5,9317.25,0.0191380213414947,0.940326637920377,0.913908470594399
1988,"All regions","PS (unspecified)",533175.75,10961.5,0.0205158967083604,1.0544922823844,1.02093627209011
1989,"All regions","PS (unspecified)",532135.5,11994.5,0.0211890661980558,1.12536972446292,1.08484603483072
1990,"All regions","PS (unspecified)",563733.5,13146.75,0.0213191894597168,1.15070273676748,1.10451510156417
1991,"All regions","PS (unspecified)",582201,14607.25,0.0219873056227579,1.214275620137,1.16130144985167
1992,"All regions","PS (unspecified)",577115.5,16055.25,0.0227118165739924,1.30112646379513,1.2385063071048
1993,"All regions","PS (unspecified)",544300.25,17032,0.022786671295711,1.37787926163081,1.30668557485256
1994,"All regions","PS (unspecified)",525961.5,17751.75,0.0222955705580534,1.40945072569632,1.32991384277967
1995,"All regions","PS (unspecified)",500680.75,19009.5,0.0225005237634743,1.49028661921039,1.40039768297296
1996,"All regions","PS (unspecified)",486293.5,19960.25,0.0234236470255509,1.58045595900051,1.47746187093148
1997,"All regions","PS (unspecified)",516380.5,20901.25,0.0244598099036411,1.62121335520677,1.50594071328517
1998,"All regions","PS (unspecified)",510005,22888.25,0.0253281695623198,1.73150536739619,1.59945924022011
1999,"All regions","PS (unspecified)",488223.25,25879.25,0.0268461336375568,1.92410780669145,1.7617770209659
2000,"All regions","PS (unspecified)",453757.25,28694.25,0.0279007322492813,2.11141995691693,1.91740603321389
2001,"All regions","PS (unspecified)",427583,31187.25,0.0288775111483133,2.2782126251429,2.0515592803199
2002,"All regions","PS (unspecified)",421202.75,33807.75,0.0295652542728615,2.4032265516984,2.14235734100058
2003,"All regions","PS (unspecified)",417673.25,36852.5,0.0300088900904297,2.51567497090275,2.22077493888156
2004,"All regions","PS (unspecified)",414172.25,39638.5,0.0310260974654735,2.65604165131098,2.32397141262597
2005,"All regions","PS (unspecified)",384375.5,42627.75,0.0322484006865346,2.85473436777991,2.48678776755305
2006,"All regions","PS (unspecified)",381440.5,46644.25,0.0342782887697391,3.10316725073056,2.66433284046806
2007,"All regions","PS (unspecified)",383852.5,50984.75,0.0359609741991,3.32678652117954,2.81503128550596
2008,"All regions","PS (unspecified)",377475.25,57028.5,0.0389966192467704,3.71098700339516,3.08649386039745
2009,"All regions","PS (unspecified)",359945,62108.5,0.0417278333587518,4.09898248931259,3.35256631487629
2010,"All regions","PS (unspecified)",342870,66873,0.0434355476761206,4.42951886534688,3.54949094075984
2011,"All regions","PS (unspecified)",349943.25,72386.5,0.0452714133381699,4.74014386793225,3.70431195162078
2012,"All regions","PS (unspecified)",344221.25,73856.25,0.0450551092959095,4.815254295303,3.71131713120567
2013,"All regions","PS (unspecified)",325526.75,72016.25,0.0439931312895601,4.78124911824116,3.65887001980168
2014,"All regions","PS (unspecified)",331288.75,71303.25,0.042975174981753,4.70146559696166,3.56081741689452
2015,"All regions","PS (unspecified)",351868.75,72963.5,0.0421606102940975,4.63361080107896,3.46930717631929
2016,"All regions","PS (unspecified)",361494,75481.25,0.0421454574895169,4.69983624318199,3.46399543908488
2017,"All regions","PS (unspecified)",354866.75,76424.5,0.0424597893302865,4.82282281334749,3.49990533752361
2018,"All regions","PS (unspecified)",352651.25,77154,0.0427226334604702,4.92704016143761,3.52063536579774
2019,"All regions","PS (unspecified)",352456.25,79141,0.0434116972036726,5.07324671828099,3.58057189546731
2020,"All regions","PS (unspecified)",358742.75,81365.75,0.0445624300252659,5.24235986166972,3.65985536507058
2021,"All regions","PS (unspecified)",364084.75,80915.75,0.0450341871791365,5.29576731956418,3.66880817397084
2022,"All regions","PS (unspecified)",364357.75,79925,0.044924021212794,5.29994330370316,3.64508339892791
2023,"All regions","PS (unspecified)",349628.25,79390,0.0451183497106862,5.38296591997423,3.68511990119117
2024,"All regions","PS (unspecified)",315141.25,81543.75,0.0460127307883888,5.64355664751886,3.85738361380043
1952,"1","PS-associated",448252.5,0,0,0,0
1953,"1","PS-associated",438252.5,0,0,0,0
1954,"1","PS-associated",435295,0,0,0,0
1955,"1","PS-associated",435757.5,0,0,0,0
1956,"1","PS-associated",442555,0,0,0,0
1957,"1","PS-associated",448600,0,0,0,0
1958,"1","PS-associated",399492.5,0,0,0,0
1959,"1","PS-associated",330920,0,0,0,0
1960,"1","PS-associated",293602.5,0,0,0,0
1961,"1","PS-associated",306147.5,0,0,0,0
1962,"1","PS-associated",284827.5,0,0,0,0
1963,"1","PS-associated",266217.5,0,0,0,0
1964,"1","PS-associated",246882.5,0,0,0,0
1965,"1","PS-associated",248710,0,0,0,0
1966,"1","PS-associated",255167.5,0,0,0,0
1967,"1","PS-associated",242827.5,0,0,0,0
1968,"1","PS-associated",229402.5,0,0,0,0
1969,"1","PS-associated",236197.5,0,0,0,0
1970,"1","PS-associated",222577.5,0,0,0,0
1971,"1","PS-associated",203015,0,0,0,0
1972,"1","PS-associated",187547.5,0,0,0,0
1973,"1","PS-associated",157427.5,0,0,0,0
1974,"1","PS-associated",142667.5,0,0,0,0
1975,"1","PS-associated",127555,0,0,0,0
1976,"1","PS-associated",108087.5,5,7.37354372511429e-05,0.00284010224368077,0.00284669885337521
1977,"1","PS-associated",109427.5,7.5,0.00010901558922926,0.00420444830630807,0.00421453201531699
1978,"1","PS-associated",117245,22.5,0.000301134272426138,0.0117196655988749,0.0117267239848213
1979,"1","PS-associated",113855,37.5,0.000478973081712808,0.0195248942401562,0.0195130485017214
1980,"1","PS-associated",111762.5,57.5,0.000719874804381847,0.0300429745157203,0.0299724511013642
1981,"1","PS-associated",100286.75,80.75,0.00102346037338876,0.0451382095642695,0.0450180683202931
1982,"1","PS-associated",93722.25,130.25,0.00166576078268376,0.0758855744581683,0.0757453376642404
1983,"1","PS-associated",94173.75,246.25,0.00324479597315878,0.145190295097432,0.144782316122003
1984,"1","PS-associated",100841.5,486.5,0.00643987027599444,0.277207977207977,0.275740200506896
1985,"1","PS-associated",105222.5,842.5,0.0109865032274891,0.466823659786674,0.463232006148099
1986,"1","PS-associated",99035,1230.75,0.0154919959594307,0.697456966777644,0.69055651550663
1987,"1","PS-associated",93979,1660.5,0.0200125341978716,0.951794107531812,0.942255862555583
1988,"1","PS-associated",88510.25,2124.75,0.0236318338792466,1.21085624732868,1.19979955229243
1989,"1","PS-associated",80012,2562.75,0.0273110922838371,1.50255042213884,1.49094528955634
1990,"1","PS-associated",86060,3192,0.0332806806274534,1.79542706077566,1.7768103963304
1991,"1","PS-associated",89706.25,3776.75,0.0381056879808299,2.05688533071917,2.02727074762484
1992,"1","PS-associated",87209.75,4213.75,0.0423119309352807,2.32832810708513,2.29077452221144
1993,"1","PS-associated",77835.75,4531.5,0.0452341439676578,2.63428671084758,2.59581586290857
1994,"1","PS-associated",68956.25,4828.25,0.0495793724344542,3.01247855248791,2.97420553514614
1995,"1","PS-associated",66613.75,5184.5,0.0546862227003992,3.34910611908722,3.29854514220381
1996,"1","PS-associated",59737.25,5322.75,0.0577962973016993,3.67453660557109,3.6085230237923
1997,"1","PS-associated",60552.5,5535.5,0.0613112330087141,3.86435826730427,3.77630455924662
1998,"1","PS-associated",61387,5807.25,0.064339131398183,4.05201737401225,3.93878669794752
1999,"1","PS-associated",60943,6149.75,0.0676216552035055,4.30398572278406,4.16902400166106
2000,"1","PS-associated",57161,6404.5,0.0717675468822663,4.66996007802104,4.52063459902762
2001,"1","PS-associated",56533.5,6790.5,0.0799314923370295,5.15985638570696,4.97190554659909
2002,"1","PS-associated",67396.25,7604.75,0.0907837443407517,5.44713845713058,5.19033185134466
2003,"1","PS-associated",72582.75,8503.5,0.0944337556116372,5.69863289103337,5.38812543767022
2004,"1","PS-associated",72455,9142.25,0.0952883482901306,5.95140448523907,5.60150522369719
2005,"1","PS-associated",70577,9732.25,0.0932600904595807,6.14458211664431,5.74341137316787
2006,"1","PS-associated",67670.75,10074,0.0932747549847922,6.36839193994469,5.9313014997939
2007,"1","PS-associated",66213.75,10679.25,0.094702537328323,6.68602285177649,6.17755812521937
2008,"1","PS-associated",59183.75,10921.75,0.0932588179289528,7.00797253725597,6.43789381048483
2009,"1","PS-associated",57908.5,11238.75,0.097532771271495,7.43143834823864,6.74345446862844
2010,"1","PS-associated",58727,11614.25,0.105307658306038,7.96874731985111,7.12670512365662
2011,"1","PS-associated",60659.25,12047,0.112486548440786,8.42270852268755,7.42552388243379
2012,"1","PS-associated",63078.75,12832.75,0.117983313030087,8.88771534932041,7.69258146558528
2013,"1","PS-associated",60947,13351,0.121937519693489,9.47030554521112,8.07696866184858
2014,"1","PS-associated",69961.25,14542.25,0.131626407195791,9.91072189187808,8.1912786420683
2015,"1","PS-associated",83608,16533.25,0.139119880008499,10.2137484748799,8.14730828588899
2016,"1","PS-associated",86579.25,17735,0.14206639110513,10.6425431687595,8.33751560010038
2017,"1","PS-associated",84935.75,17983,0.142436783430031,10.8765404097679,8.47575857175036
2018,"1","PS-associated",90308.75,18365.25,0.142901050248118,10.7179749051649,8.29022074787837
2019,"1","PS-associated",105635,19604,0.145488548825197,10.4258572321274,7.89227937350901
2020,"1","PS-associated",112127.5,20388.25,0.143590095729078,10.2793148215839,7.71754458703044
2021,"1","PS-associated",104430.5,20041.25,0.138546835276774,10.3420027349898,7.82126323256658
2022,"1","PS-associated",95163,19285.75,0.136219723015364,10.5168229905115,7.98560084436141
2023,"1","PS-associated",83956.25,18256,0.133321892110486,10.7005846753513,8.19801771089064
2024,"1","PS-associated",61203.75,16587.75,0.120947587738086,10.8448563302932,8.56679461799649
1952,"2","PS-associated",261480,0,0,0,0
1953,"2","PS-associated",267722.5,0,0,0,0
1954,"2","PS-associated",270462.5,0,0,0,0
1955,"2","PS-associated",273570,0,0,0,0
1956,"2","PS-associated",272712.5,0,0,0,0
1957,"2","PS-associated",277047.5,0,0,0,0
1958,"2","PS-associated",283300,0,0,0,0
1959,"2","PS-associated",273802.5,0,0,0,0
1960,"2","PS-associated",251595,0,0,0,0
1961,"2","PS-associated",238297.5,0,0,0,0
1962,"2","PS-associated",223955,0,0,0,0
1963,"2","PS-associated",205035,0,0,0,0
1964,"2","PS-associated",188682.5,0,0,0,0
1965,"2","PS-associated",177885,0,0,0,0
1966,"2","PS-associated",171937.5,0,0,0,0
1967,"2","PS-associated",163522.5,0,0,0,0
1968,"2","PS-associated",150555,0,0,0,0
1969,"2","PS-associated",140257.5,0,0,0,0
1970,"2","PS-associated",134982.5,0,0,0,0
1971,"2","PS-associated",134952.5,5,0.000142949038667715,0.00294165232611158,0.00294564713664664
1972,"2","PS-associated",139740,12.5,0.000336700336700337,0.00707203575621278,0.0070529865016506
1973,"2","PS-associated",145312.5,27.5,0.000639944150328699,0.01463583384337,0.0145123714018499
1974,"2","PS-associated",145405,47.5,0.000920453444433679,0.0242019718238096,0.0238748547741612
1975,"2","PS-associated",139612.5,90,0.00152001351123121,0.0454993554257981,0.0447866269651086
1976,"2","PS-associated",130612.5,182.5,0.00277608761788865,0.0935765468972324,0.0919502736263154
1977,"2","PS-associated",127635,402.5,0.00562838664569131,0.203936868239049,0.200001432082155
1978,"2","PS-associated",128237.5,880,0.0116148617435491,0.436697475342721,0.427417690015699
1979,"2","PS-associated",126390,1785,0.0216101694915254,0.869766478663922,0.848943679492518
1980,"2","PS-associated",121690,2855,0.0329353406010267,1.40419043871729,1.36855314316238
1981,"2","PS-associated",112330,3660,0.0417855919625528,1.88654931573928,1.83798020160534
1982,"2","PS-associated",105114.25,4801.25,0.0547926836574865,2.58534812341823,2.51959011700952
1983,"2","PS-associated",104227.75,7226.25,0.0802156845876545,3.91258443087835,3.80859731563329
1984,"2","PS-associated",110410,11922.25,0.11984479409333,6.11978030439135,5.92578571559001
1985,"2","PS-associated",119080,18883.25,0.166552739973716,9.02403765740365,8.68029454695874
1986,"2","PS-associated",125545,25722.75,0.207449060651395,11.7479619099815,11.2872403372005
1987,"2","PS-associated",137575,32157.5,0.243456042396139,13.8606926574858,13.2835463747856
1988,"2","PS-associated",162507.5,39430,0.261394146309125,14.80786022101,14.0573806466813
1989,"2","PS-associated",179367.5,46140,0.277254495470729,15.8862415645228,15.0075307702768
1990,"2","PS-associated",195085,53732.5,0.29028119175603,17.035627947529,16.019131847043
1991,"2","PS-associated",203680,60547.5,0.293392935019625,17.993179842646,16.8597237300599
1992,"2","PS-associated",203565,66437.5,0.294969698315093,19.1426677999798,17.8425370002809
1993,"2","PS-associated",199425,72550,0.302799486639051,20.7809691579483,19.2757208989464
1994,"2","PS-associated",198515,79905,0.316170578983292,22.7198089267055,20.9542034927084
1995,"2","PS-associated",198362.5,86765,0.323279555870189,24.3141375928261,22.2180522000991
1996,"2","PS-associated",188502.5,90050.75,0.322988289306146,25.5949606343973,23.2607246439715
1997,"2","PS-associated",178865,91120.25,0.320588858758513,26.3929238656606,23.9110519421083
1998,"2","PS-associated",179805,93795,0.30979805077755,26.2718214093147,23.5163809186096
1999,"2","PS-associated",183977.5,98473.25,0.297924851110563,26.1481422473596,23.0282763867365
2000,"2","PS-associated",179282.5,103423,0.289025482521899,26.7063471569488,23.2408923643187
2001,"2","PS-associated",176647.5,111148.75,0.290625616916353,28.136965147996,24.2437542349393
2002,"2","PS-associated",181115,119968.75,0.29874891208393,29.7331375391898,25.347492255393
2003,"2","PS-associated",192955,130789.75,0.306289138061047,31.1050531835829,26.1005999629503
2004,"2","PS-associated",199315,137704.5,0.305640344982762,31.7181849591155,26.2266731083049
2005,"2","PS-associated",199717.5,141536,0.300695779644993,32.036578050906,26.1096120292997
2006,"2","PS-associated",199402.5,145856.25,0.292472636381957,32.22327775231,25.787400080119
2007,"2","PS-associated",197722.5,150645.5,0.290806270715619,33.0154781798756,26.0802628699392
2008,"2","PS-associated",198432.5,156065.25,0.287991485659269,33.8352845528455,26.1538570167024
2009,"2","PS-associated",195575,159159.75,0.284771559299396,34.5931774218088,26.2232431031497
2010,"2","PS-associated",200447.5,165541.75,0.286124969644698,35.7663243976083,26.4546556557794
2011,"2","PS-associated",211582.5,174664,0.287598444968789,37.0319564514505,26.5086975967278
2012,"2","PS-associated",211885,178370.25,0.293965492023167,38.5469545204058,27.2674299496595
2013,"2","PS-associated",205992.5,178504.25,0.302127621762149,40.1013743098965,28.3470346458945
2014,"2","PS-associated",203262.5,180017.5,0.307345395751961,41.1510898263821,29.1014016011749
2015,"2","PS-associated",206547.5,184851.75,0.308155328152728,41.5212911123715,29.3138035915531
2016,"2","PS-associated",214892.5,190451.5,0.30672432834625,41.6824976472391,29.0317050525431
2017,"2","PS-associated",219150,192849,0.301687054961378,41.6259794081461,28.4560263464606
2018,"2","PS-associated",221870,194618.5,0.296422177155577,41.6612614926843,27.9130010995701
2019,"2","PS-associated",222962.5,195560.25,0.28926485020919,41.4698164121105,27.24561776474
2020,"2","PS-associated",220002.5,193025.5,0.284115166249811,41.3032337443496,26.7714653044855
2021,"2","PS-associated",212502.5,186279.5,0.284181636916862,41.4490979990766,26.7599961604105
2022,"2","PS-associated",209552.5,182939.25,0.28516297682749,41.7681440680385,26.7835738965556
2023,"2","PS-associated",212670,182891.75,0.282882843866451,41.6311189010164,26.370809216126
2024,"2","PS-associated",214780,184766.25,0.277383903090063,41.1804201259263,25.8828532005493
1952,"3","PS-associated",225322.5,0,0,0,0
1953,"3","PS-associated",226352.5,0,0,0,0
1954,"3","PS-associated",229295,0,0,0,0
1955,"3","PS-associated",231870,0,0,0,0
1956,"3","PS-associated",229012.5,0,0,0,0
1957,"3","PS-associated",239920,0,0,0,0
1958,"3","PS-associated",248082.5,0,0,0,0
1959,"3","PS-associated",239232.5,0,0,0,0
1960,"3","PS-associated",218800,0,0,0,0
1961,"3","PS-associated",204575,0,0,0,0
1962,"3","PS-associated",192562.5,0,0,0,0
1963,"3","PS-associated",185027.5,0,0,0,0
1964,"3","PS-associated",175837.5,0,0,0,0
1965,"3","PS-associated",168892.5,0,0,0,0
1966,"3","PS-associated",162422.5,0,0,0,0
1967,"3","PS-associated",155690,0,0,0,0
1968,"3","PS-associated",150300,0,0,0,0
1969,"3","PS-associated",149497.5,2.5,6.8927488282327e-05,0.00134593124983176,0.00134518907654815
1970,"3","PS-associated",146847.5,5,0.000142186833499218,0.00274763016897926,0.00274509076956245
1971,"3","PS-associated",147540,5,0.000147896176883828,0.00275778384490224,0.00275472485224724
1972,"3","PS-associated",151272.5,12.5,0.000332159702384907,0.00661944793804197,0.00660977359707093
1973,"3","PS-associated",146375,32.5,0.000799655533001169,0.0173906063970677,0.0173467474524727
1974,"3","PS-associated",140337.5,60,0.00148975791433892,0.0332635722304611,0.033119037776325
1975,"3","PS-associated",138157.5,115,0.00262752042040327,0.0633259911894273,0.0630221479690062
1976,"3","PS-associated",138507.5,240,0.00521342456826328,0.130388721375601,0.129716030568026
1977,"3","PS-associated",136617.5,697.5,0.0134128166915052,0.371781887959064,0.369547729216942
1978,"3","PS-associated",140440,1367.5,0.023861455243413,0.697846499285569,0.692701844845712
1979,"3","PS-associated",139040,1967.5,0.0326244662769971,0.999530081156254,0.990621613409764
1980,"3","PS-associated",131902.5,2640,0.0392711044998141,1.34772953518646,1.33565059067252
1981,"3","PS-associated",122025,3590,0.0523152027396262,1.92482976784087,1.90947264302185
1982,"3","PS-associated",121360,7292.5,0.104458370635631,3.97915615152714,3.94424502325054
1983,"3","PS-associated",127245,13757.5,0.178050279871874,7.25032938076416,7.15602607047629
1984,"3","PS-associated",146390,24917.5,0.280562983814215,11.9349546766294,11.7323712094934
1985,"3","PS-associated",161297.5,35410,0.344363132430527,15.6395958703693,15.2893960746773
1986,"3","PS-associated",167577.5,42907.5,0.377125906394199,18.2118186352012,17.7568232981715
1987,"3","PS-associated",177610,51902.5,0.417080177592061,21.0284822947897,20.4657738467784
1988,"3","PS-associated",183200,59290,0.43973077707526,23.2669479054253,22.590936792233
1989,"3","PS-associated",188347.5,64487.5,0.455146980978932,24.741981276857,23.8854374072661
1990,"3","PS-associated",200802.5,75610,0.471589845942743,27.0366430365715,26.0476209483192
1991,"3","PS-associated",209355,82455,0.480436999271668,28.2464779685693,27.1581759405014
1992,"3","PS-associated",216825,90482.5,0.492408369840276,29.9375491128665,28.6569900204493
1993,"3","PS-associated",219272.5,98267.5,0.500821813085303,31.9037376729841,30.4070241339393
1994,"3","PS-associated",229662.5,111125,0.515846766238438,34.4653795456308,32.6198984419445
1995,"3","PS-associated",226967.5,115892.5,0.503300545024211,35.2935354442812,33.3051942350182
1996,"3","PS-associated",222137.5,110912.5,0.489561033744565,34.2019041745365,32.1650072087889
1997,"3","PS-associated",233795,108892.5,0.486132657730555,32.5942499663259,30.4384945973994
1998,"3","PS-associated",235425,113332.5,0.474855185561503,32.9416637600279,30.6339150381966
1999,"3","PS-associated",233407.5,120603.75,0.476097190284919,34.7186038143217,32.1493236550187
2000,"3","PS-associated",234415,135660,0.49670883712245,38.7954701441318,35.6430636453188
2001,"3","PS-associated",238350,141841.5,0.499305207817226,39.851233748446,36.3920342504406
2002,"3","PS-associated",249937.5,155960.75,0.507786802848554,41.8852431499721,37.962826107806
2003,"3","PS-associated",256522.5,166817,0.501680744926,42.9614082076772,38.5780406101242
2004,"3","PS-associated",254970,169782.25,0.498327361634027,43.7278826589744,38.8992654597586
2005,"3","PS-associated",242237.5,167770.75,0.484401109581655,44.054552616031,38.9681024695054
2006,"3","PS-associated",240392.5,168476.5,0.482319176650778,44.6124005348939,39.0469778649964
2007,"3","PS-associated",248910,177044.5,0.482562608344872,45.6618007376267,39.3119946879398
2008,"3","PS-associated",250270,176350.5,0.476348107240822,45.3798152389285,38.573949214294
2009,"3","PS-associated",245757.5,172618.5,0.463439893844441,44.8263683756078,37.5418416898881
2010,"3","PS-associated",249942.5,180029.25,0.460484978159293,46.0132777855874,37.8201042109159
2011,"3","PS-associated",258347.5,189300.25,0.46354344581532,47.5619806159432,38.3126870275734
2012,"3","PS-associated",260007.5,197861.75,0.46356183415265,49.3239394487065,39.1746858726424
2013,"3","PS-associated",256485,197095.25,0.462520504161846,49.876697075905,39.3007826895271
2014,"3","PS-associated",265082.5,203025.5,0.46407976597774,50.4903539476384,39.2458624772264
2015,"3","PS-associated",275847.5,210521.25,0.45721085011459,50.31368190862,38.582791250491
2016,"3","PS-associated",280932.5,211968,0.448437504132013,49.8010008692996,37.5777521861703
2017,"3","PS-associated",274190,207459,0.44305533680195,49.9570164348925,37.1860283692249
2018,"3","PS-associated",265097.5,202967.75,0.436426198118446,50.2407856630115,36.930807494077
2019,"3","PS-associated",253935,196745.5,0.428579675165119,50.2042665033555,36.6035957966783
2020,"3","PS-associated",248912.5,191385.5,0.42244095118219,49.772897202338,35.9240289057169
2021,"3","PS-associated",254665,194499.25,0.433175466806828,51.1184335884885,36.4678270862065
2022,"3","PS-associated",257587.5,197339.75,0.441268890045443,52.440043580511,37.0622070837505
2023,"3","PS-associated",253025,192197,0.44085824190696,52.2938787726255,36.7894558045759
2024,"3","PS-associated",248700,189502.5,0.434525147094567,52.0314655793744,36.3898368691787
1952,"4","PS-associated",168605,0,0,0,0
1953,"4","PS-associated",168230,0,0,0,0
1954,"4","PS-associated",167142.5,0,0,0,0
1955,"4","PS-associated",168022.5,0,0,0,0
1956,"4","PS-associated",169510,0,0,0,0
1957,"4","PS-associated",178367.5,0,0,0,0
1958,"4","PS-associated",175105,0,0,0,0
1959,"4","PS-associated",162785,0,0,0,0
1960,"4","PS-associated",147455,0,0,0,0
1961,"4","PS-associated",134775,0,0,0,0
1962,"4","PS-associated",128632.5,0,0,0,0
1963,"4","PS-associated",124530,0,0,0,0
1964,"4","PS-associated",116127.5,0,0,0,0
1965,"4","PS-associated",117012.5,0,0,0,0
1966,"4","PS-associated",121280,0,0,0,0
1967,"4","PS-associated",120502.5,0,0,0,0
1968,"4","PS-associated",120982.5,0,0,0,0
1969,"4","PS-associated",128402.5,0,0,0,0
1970,"4","PS-associated",126805,0,0,0,0
1971,"4","PS-associated",125135,0,0,0,0
1972,"4","PS-associated",124400,0,0,0,0
1973,"4","PS-associated",113665,10,0.000304692260816575,0.00683036781530685,0.00681579969382387
1974,"4","PS-associated",104143.5,10.5,0.000340685101516049,0.00778383186923162,0.00776912049582022
1975,"4","PS-associated",99287.75,23.5,0.000772861065890517,0.0181323662737987,0.0180916666208237
1976,"4","PS-associated",90123,47.5,0.00127764590379999,0.0373435012480591,0.037287502695307
1977,"4","PS-associated",86680.75,125.5,0.0029940119760479,0.0977281133801857,0.0976004655473836
1978,"4","PS-associated",89940.5,319.25,0.00754233333923962,0.242154167061724,0.241516283176391
1979,"4","PS-associated",87679.25,553.5,0.0127882260524005,0.425000959803432,0.423304667677236
1980,"4","PS-associated",82637.75,797.25,0.01599145517729,0.60635445781758,0.603766902752101
1981,"4","PS-associated",77867.5,1014,0.0208485396769916,0.809613158209909,0.805534837940945
1982,"4","PS-associated",76691,1613,0.0340541424974797,1.32042649857766,1.31244663791425
1983,"4","PS-associated",79227.25,3363.75,0.0663621881026481,2.66594016247276,2.64615116047266
1984,"4","PS-associated",90103,6791.5,0.123723641663251,4.93783626581358,4.87810637046358
1985,"4","PS-associated",96263.5,11203.5,0.169816254068822,7.46750649870026,7.35383725045083
1986,"4","PS-associated",97659.25,14965,0.213110610316604,9.87218603117012,9.68541769881711
1987,"4","PS-associated",95847.25,18258,0.242939544538251,12.0759958331266,11.8267374582304
1988,"4","PS-associated",93184.5,21398.25,0.267461408661959,14.2574207948829,13.9533557460576
1989,"4","PS-associated",96611.5,24384.75,0.306370909227971,16.2858144660389,15.8583725176136
1990,"4","PS-associated",106625,27666.25,0.329482694454782,17.2415673443951,16.7354211471023
1991,"4","PS-associated",110587.5,30313.25,0.343661341110516,18.3009584182326,17.7109947786898
1992,"4","PS-associated",108720,33025.75,0.354461933101861,19.9454946249547,19.2421045436107
1993,"4","PS-associated",106642.5,36403.5,0.368883045424491,22.0450244500628,21.1978885264796
1994,"4","PS-associated",107717.5,40900.75,0.382808112762532,24.1480442804428,23.179412623308
1995,"4","PS-associated",106921.25,43776.75,0.373306755921291,24.8072591270347,23.9728230417887
1996,"4","PS-associated",119185,44465.5,0.382717855805687,23.8965470912267,22.9035271756927
1997,"4","PS-associated",134812.5,44425,0.383102939781478,22.1482700169508,21.0465004945012
1998,"4","PS-associated",132862.5,45643,0.352221690614727,21.6158745944922,20.6733306515032
1999,"4","PS-associated",132097.5,48997.25,0.353291837238689,22.8034719071055,21.6655817377638
2000,"4","PS-associated",136397.5,54885.5,0.370835444748488,24.7893589873875,23.4310987481509
2001,"4","PS-associated",136102.5,62327,0.402146648966115,28.4666415464895,26.66412419585
2002,"4","PS-associated",131472.5,68632,0.420714513400191,32.1029059229375,29.7050078485499
2003,"4","PS-associated",125430,72064.25,0.415930659225068,33.7249189802628,31.2054808008706
2004,"4","PS-associated",123792.5,71242.25,0.404155740274033,32.9162335112158,30.6027040247071
2005,"4","PS-associated",109560,67082.75,0.368351764809242,31.0690549521803,29.5885423879972
2006,"4","PS-associated",116732.5,68552.75,0.373161484529797,31.1352204471392,29.150542505835
2007,"4","PS-associated",118810,71121.75,0.375664044601085,31.9730941704036,29.512745256068
2008,"4","PS-associated",125745,75934.5,0.388355150272211,33.5588725983051,30.2864583753372
2009,"4","PS-associated",123842.5,80717.75,0.400505856172115,36.3491134252744,32.2727235644298
2010,"4","PS-associated",115970,85321.5,0.408636191110212,40.0495212166729,34.9848703768673
2011,"4","PS-associated",121780,90576.75,0.424866960459875,42.3196514507312,36.2925970953873
2012,"4","PS-associated",134280,97744.75,0.439440498134244,43.7072685402553,36.7649103855804
2013,"4","PS-associated",140215,103552.5,0.449954375597462,45.7109750041384,37.7134412918692
2014,"4","PS-associated",141185,107911.25,0.455200247191414,47.6271653977712,38.8351657430914
2015,"4","PS-associated",147590,114141.25,0.459112154231677,48.901610899276,39.3319224756262
2016,"4","PS-associated",153007.5,117582.25,0.454901471495695,49.2130375640891,38.7453534473186
2017,"4","PS-associated",151907.5,113791.75,0.448152958053505,48.6102567388611,37.5182365072481
2018,"4","PS-associated",151725,112240,0.452728512135012,49.2864356913889,37.4232111565693
2019,"4","PS-associated",145360,112511.5,0.44999740028077,50.4847159122777,38.367067594122
2020,"4","PS-associated",145757.5,113063.25,0.450634770538994,51.0362922337328,38.4129857786181
2021,"4","PS-associated",152095,113705.75,0.45474478389717,50.9685552915864,37.6492458847977
2022,"4","PS-associated",156047.5,115667,0.459064344892593,51.3721658413093,37.6733293932431
2023,"4","PS-associated",148565,113840.75,0.459107017729585,52.3489986894443,38.5797993930829
2024,"4","PS-associated",134675,110061.5,0.452626698072374,53.5006319268909,39.8471889434398
1952,"5","PS-associated",175547.5,0,0,0,0
1953,"5","PS-associated",180267.5,0,0,0,0
1954,"5","PS-associated",183422.5,0,0,0,0
1955,"5","PS-associated",182200,0,0,0,0
1956,"5","PS-associated",177342.5,0,0,0,0
1957,"5","PS-associated",188957.5,0,0,0,0
1958,"5","PS-associated",201887.5,0,0,0,0
1959,"5","PS-associated",194782.5,0,0,0,0
1960,"5","PS-associated",176140,0,0,0,0
1961,"5","PS-associated",165467.5,0,0,0,0
1962,"5","PS-associated",155050,0,0,0,0
1963,"5","PS-associated",149390,0,0,0,0
1964,"5","PS-associated",140765,0,0,0,0
1965,"5","PS-associated",134025,0,0,0,0
1966,"5","PS-associated",129302.5,0,0,0,0
1967,"5","PS-associated",123780,0,0,0,0
1968,"5","PS-associated",118707.5,0,0,0,0
1969,"5","PS-associated",118282.5,0,0,0,0
1970,"5","PS-associated",115450,2.5,0.000108003024084674,0.00180410976203792,0.0018023561182472
1971,"5","PS-associated",113722.5,2.5,0.000107123727905731,0.00182438472625107,0.00182243037732097
1972,"5","PS-associated",118940,5,0.00021746221593998,0.00352348402099996,0.0035200360101063
1973,"5","PS-associated",116032.5,7.5,0.000305561214096557,0.00533731853116994,0.00532644601430058
1974,"5","PS-associated",110267.5,22.5,0.000856816450875857,0.0164931828177687,0.0164397966586098
1975,"5","PS-associated",115557.5,42.5,0.00165466225423399,0.0301263534707331,0.0299768066508959
1976,"5","PS-associated",117112.5,72.5,0.00275822712573711,0.0506329113924051,0.0503680445361579
1977,"5","PS-associated",114297.5,192.5,0.00667417872930571,0.134827525827351,0.134021155082609
1978,"5","PS-associated",116135,512.5,0.0161940121652579,0.348509061235592,0.346141435098752
1979,"5","PS-associated",113887.5,887.5,0.0259844825062216,0.604265604520928,0.59926765302694
1980,"5","PS-associated",110345,1270,0.0341558528877832,0.870384648333762,0.862308733490081
1981,"5","PS-associated",100699.5,1623.5,0.0402603843769374,1.16790158981368,1.1565773611313
1982,"5","PS-associated",97481,2614,0.063076867391383,1.92403945237745,1.90321656482774
1983,"5","PS-associated",104005,5363.25,0.123317908774754,3.79061754571959,3.73435695017998
1984,"5","PS-associated",117247.5,10600,0.214542326569853,6.83672482182592,6.69696684844042
1985,"5","PS-associated",129885,17555,0.304483566039372,10.4187067865515,10.1494522013124
1986,"5","PS-associated",135257.5,23577.5,0.356856364461934,13.4128823972807,13.0134598739471
1987,"5","PS-associated",145492.5,28840,0.399515151515151,15.4741784037559,14.945778753328
1988,"5","PS-associated",150710,33655,0.427636594663278,17.4520658049963,16.8062063176132
1989,"5","PS-associated",151557.5,38180,0.45162053465815,19.6341102811668,18.8305377525078
1990,"5","PS-associated",165760,43545,0.476696132899094,20.8169997131657,19.8182805227889
1991,"5","PS-associated",179335,47977.5,0.484449941939718,21.2956489896468,20.1989881137221
1992,"5","PS-associated",191042.5,52142.5,0.495827885415428,21.9003318072998,20.6565449848193
1993,"5","PS-associated",193067.5,57222.5,0.507381627948218,23.6632619303614,22.2354511710414
1994,"5","PS-associated",204835,64717.5,0.522663490076521,25.3091911656874,23.6264766649179
1995,"5","PS-associated",204820,70395,0.524865791828214,27.1719306371769,25.2528573225283
1996,"5","PS-associated",198257.5,70735,0.510712803017996,27.6421969948612,25.6204612459906
1997,"5","PS-associated",206992.5,69565,0.496742060445936,26.1443926638605,24.0180050855084
1998,"5","PS-associated",205087.5,68872.5,0.483680671383675,25.8588646091462,23.6310533017199
1999,"5","PS-associated",197952.5,71810,0.477127005747317,27.275662330263,24.8521960367084
2000,"5","PS-associated",195962.5,77782.5,0.485397360292053,29.5175750675964,26.7706510562667
2001,"5","PS-associated",197637.5,86767.5,0.500043222683264,32.4449388625061,29.2737415186373
2002,"5","PS-associated",205090,95450,0.508016765351607,34.392678269016,30.7321495819844
2003,"5","PS-associated",215455,103950,0.506541919450333,35.4487791570045,31.3928508154775
2004,"5","PS-associated",217777.5,105905,0.494605828507379,35.3110829554548,31.011399551961
2005,"5","PS-associated",210792.5,105015,0.480964539656732,35.4412223787788,30.9267142211375
2006,"5","PS-associated",208345,104787.5,0.47407650372113,35.585723260829,30.7353200326496
2007,"5","PS-associated",219792.5,109090,0.472701273940549,35.6075628126352,30.1895908559418
2008,"5","PS-associated",217367.5,111280,0.468286114062681,36.5130796426784,30.5278893392417
2009,"5","PS-associated",209790,111302.25,0.46323148412122,37.5070766638585,30.949053517342
2010,"5","PS-associated",209075,115658.25,0.460814166484884,38.964802789499,31.578797522236
2011,"5","PS-associated",212470,120694.5,0.458977710806147,40.1819422711989,31.8740973122325
2012,"5","PS-associated",213875,125951.75,0.458935917476489,41.7207284049786,32.5275301839251
2013,"5","PS-associated",211715,129341,0.461271536121483,43.34338661573,33.3940744537853
2014,"5","PS-associated",219705,133714.25,0.463591008610363,44.0215145803669,33.2348649336092
2015,"5","PS-associated",231350,139990.25,0.462256215096193,44.3343837091462,32.8510293360905
2016,"5","PS-associated",232077.5,143739.75,0.457691921917762,45.210775872237,33.052192647725
2017,"5","PS-associated",220710,140368.25,0.449495204219934,45.7747431925648,33.1728266918004
2018,"5","PS-associated",211435,136747.5,0.444179357544122,46.2430042439511,33.1994836073867
2019,"5","PS-associated",203362.5,133518.5,0.440455238959218,46.748538216449,33.2744879693549
2020,"5","PS-associated",199010,130570.5,0.434428772602845,46.5741037988229,32.8375310920831
2021,"5","PS-associated",202097.5,128095.75,0.430481341828985,45.5609500182285,31.7174959571338
2022,"5","PS-associated",210340,129026,0.43466623770273,45.2409295312897,31.0736503211509
2023,"5","PS-associated",207397.5,128190,0.438687974237904,45.7956362142417,31.4553621368045
2024,"5","PS-associated",202742.5,127585.75,0.440447884725091,46.6761480560103,31.9344757475166
1952,"All regions","PS-associated",1279207.5,0,0,0,0
1953,"All regions","PS-associated",1280825,0,0,0,0
1954,"All regions","PS-associated",1285617.5,0,0,0,0
1955,"All regions","PS-associated",1291420,0,0,0,0
1956,"All regions","PS-associated",1291132.5,0,0,0,0
1957,"All regions","PS-associated",1332892.5,0,0,0,0
1958,"All regions","PS-associated",1307867.5,0,0,0,0
1959,"All regions","PS-associated",1201522.5,0,0,0,0
1960,"All regions","PS-associated",1087592.5,0,0,0,0
1961,"All regions","PS-associated",1049262.5,0,0,0,0
1962,"All regions","PS-associated",985027.5,0,0,0,0
1963,"All regions","PS-associated",930200,0,0,0,0
1964,"All regions","PS-associated",868295,0,0,0,0
1965,"All regions","PS-associated",846525,0,0,0,0
1966,"All regions","PS-associated",840110,0,0,0,0
1967,"All regions","PS-associated",806322.5,0,0,0,0
1968,"All regions","PS-associated",769947.5,0,0,0,0
1969,"All regions","PS-associated",772637.5,2.5,1.24311624379996e-05,0.000256778305314541,0.000256599550356401
1970,"All regions","PS-associated",746662.5,7.5,3.75361285237041e-05,0.000792554217313083,0.000791939396029179
1971,"All regions","PS-associated",724365,12.5,6.31719920655978e-05,0.00135571161302568,0.0013543413249735
1972,"All regions","PS-associated",721900,30,0.00014804396905881,0.00324641068718398,0.00323976222777798
1973,"All regions","PS-associated",678812.5,77.5,0.000361688970819867,0.00868583340571528,0.00865543111398728
1974,"All regions","PS-associated",642821,140.5,0.00064486443503794,0.0163467607526491,0.0162673622915274
1975,"All regions","PS-associated",620170.25,271,0.00119705462721245,0.0320696775873189,0.0318921454482295
1976,"All regions","PS-associated",584443,547.5,0.00225264377061709,0.0663212309705007,0.0659349106579428
1977,"All regions","PS-associated",574658.25,1425.5,0.00541866865344849,0.17081061649991,0.16967127088615
1978,"All regions","PS-associated",591998,3101.75,0.0110081796089155,0.357200437611562,0.354266951388837
1979,"All regions","PS-associated",580851.75,5231,0.0175162488238229,0.60040861301134,0.594341437504236
1980,"All regions","PS-associated",558337.75,7619.75,0.023750690608273,0.877858967675412,0.868151336260912
1981,"All regions","PS-associated",513208.75,9968.25,0.0307592733735918,1.21023110123655,1.19660599771709
1982,"All regions","PS-associated",494368.5,16451,0.0507061441631375,2.05988968677807,2.03626785585919
1983,"All regions","PS-associated",508878.75,29957,0.0887818684290467,3.69060378706681,3.63991605699482
1984,"All regions","PS-associated",564992,54717.75,0.148633699432211,6.27729292083368,6.1624513692649
1985,"All regions","PS-associated",611748.5,83894.25,0.201417703284666,8.97583900157008,8.76668874019592
1986,"All regions","PS-associated",625074.25,108403.5,0.239034060151288,11.3110007408258,11.0170124661653
1987,"All regions","PS-associated",650503.75,132818.5,0.272814756236585,13.4044673652234,13.027873267503
1988,"All regions","PS-associated",678112.25,155898,0.291783721665828,14.9973304601709,14.5200860234734
1989,"All regions","PS-associated",695896,175755,0.310482665358231,16.4900042455275,15.8962120014734
1990,"All regions","PS-associated",754332.5,203745.75,0.330400612003887,17.833365062068,17.1175581611058
1991,"All regions","PS-associated",792663.75,225070,0.338782650842159,18.7096827824699,17.8934513558757
1992,"All regions","PS-associated",807362.25,246302,0.348419728488033,19.9604522063293,18.9998025849816
1993,"All regions","PS-associated",796243.25,268975,0.359854680117653,21.7599268669063,20.6356125232484
1994,"All regions","PS-associated",809686.25,301476.5,0.378643828205387,23.9365849398164,22.5858166447119
1995,"All regions","PS-associated",803685,322013.75,0.381150373973039,25.2448924393992,23.7222078111173
1996,"All regions","PS-associated",787819.75,321486.5,0.377269137384541,25.4553552517237,23.7964978278937
1997,"All regions","PS-associated",815017.5,319538.25,0.373941503591515,24.7851051204784,23.0228173016875
1998,"All regions","PS-associated",814567,327450.25,0.362356906064203,24.7717438174707,22.8826287756768
1999,"All regions","PS-associated",808378,346034,0.358962296323825,25.7274349442379,23.5568940240894
2000,"All regions","PS-associated",803218.5,378155.5,0.367697896062559,27.8259605850615,25.2690917934086
2001,"All regions","PS-associated",805271,408875.25,0.37859380324153,29.8681274129159,26.8966264621158
2002,"All regions","PS-associated",835011.25,447616.25,0.391445400770969,31.818836124015,28.3649151197181
2003,"All regions","PS-associated",862945.25,482124.5,0.392592663466614,32.9114317212944,29.0533886987533
2004,"All regions","PS-associated",868310,493776.25,0.386491669932918,33.0862743652799,28.9496799635115
2005,"All regions","PS-associated",832884.5,491136.75,0.371550802139037,32.8908975844311,28.6515910902114
2006,"All regions","PS-associated",832543.25,497747,0.365788181828871,33.1143107574757,28.4314503576423
2007,"All regions","PS-associated",851448.75,518581,0.365769724498864,33.8377314969634,28.6325173521291
2008,"All regions","PS-associated",850998.75,530552,0.362796397145506,34.5243444352439,28.7145110010185
2009,"All regions","PS-associated",832873.5,535037,0.359466655558683,35.3109042101216,28.880862094761
2010,"All regions","PS-associated",834162,558165,0.362540972719062,36.9716088328076,29.6263306708121
2011,"All regions","PS-associated",864839.25,587282.5,0.367293746814306,38.4574960955278,30.0536368484142
2012,"All regions","PS-associated",883126.25,612761.25,0.373807566604697,39.9505964770447,30.791589397837
2013,"All regions","PS-associated",875354.5,621844,0.37987071992259,41.2850027137425,31.5935135277601
2014,"All regions","PS-associated",899196.25,639210.75,0.385258649941869,42.1471300443256,31.9215852246035
2015,"All regions","PS-associated",944943,666037.75,0.384857607144771,42.2973090973751,31.66911600697
2016,"All regions","PS-associated",967489.25,681476.5,0.380506931997744,42.4321000722273,31.2744090465318
2017,"All regions","PS-associated",950893.25,672451,0.373599144187277,42.4355020138612,30.7952926629954
2018,"All regions","PS-associated",940436.25,664939,0.368197956950665,42.4628814825695,30.3420141470071
2019,"All regions","PS-associated",931255,657939.75,0.360903718745783,42.1765036771599,29.7671317997092
2020,"All regions","PS-associated",925810,648433,0.355134072857108,41.7782559883254,29.166707047361
2021,"All regions","PS-associated",925790.5,642621.5,0.357655177346035,42.0582388292677,29.1371582413733
2022,"All regions","PS-associated",928690.5,644257.75,0.362122600281601,42.721670916126,29.3822111874338
2023,"All regions","PS-associated",905613.75,635375.5,0.361092001594686,43.0810513022621,29.4928189920555
2024,"All regions","PS-associated",862101.25,628503.75,0.354646111421695,43.4980794518652,29.7310347692143
1952,"1","PS-unassociated",448252.5,0,0,0,0
1953,"1","PS-unassociated",438252.5,0,0,0,0
1954,"1","PS-unassociated",435295,0,0,0,0
1955,"1","PS-unassociated",435757.5,0,0,0,0
1956,"1","PS-unassociated",442555,0,0,0,0
1957,"1","PS-unassociated",448600,0,0,0,0
1958,"1","PS-unassociated",399492.5,0,0,0,0
1959,"1","PS-unassociated",330920,0,0,0,0
1960,"1","PS-unassociated",293602.5,0,0,0,0
1961,"1","PS-unassociated",306147.5,0,0,0,0
1962,"1","PS-unassociated",284827.5,0,0,0,0
1963,"1","PS-unassociated",266217.5,0,0,0,0
1964,"1","PS-unassociated",246882.5,0,0,0,0
1965,"1","PS-unassociated",248710,0,0,0,0
1966,"1","PS-unassociated",255167.5,0,0,0,0
1967,"1","PS-unassociated",242827.5,0,0,0,0
1968,"1","PS-unassociated",229402.5,0,0,0,0
1969,"1","PS-unassociated",236197.5,0,0,0,0
1970,"1","PS-unassociated",222577.5,0,0,0,0
1971,"1","PS-unassociated",203015,0,0,0,0
1972,"1","PS-unassociated",187547.5,0,0,0,0
1973,"1","PS-unassociated",157427.5,0,0,0,0
1974,"1","PS-unassociated",142667.5,0,0,0,0
1975,"1","PS-unassociated",127555,0,0,0,0
1976,"1","PS-unassociated",108082.5,0,0,0,0
1977,"1","PS-unassociated",109420,0,0,0,0
1978,"1","PS-unassociated",117222.5,0,0,0,0
1979,"1","PS-unassociated",113820,2.5,3.19315387808539e-05,0.00130165961601041,0.00130086990011476
1980,"1","PS-unassociated",111707.5,2.5,3.12989045383412e-05,0.00130621628329219,0.0013031500478854
1981,"1","PS-unassociated",100207,1,1.26744318685915e-05,0.000558987115346991,0.000557499298084125
1982,"1","PS-unassociated",93595.75,3.75,4.7958563800876e-05,0.00218480540666511,0.00218076787900884
1983,"1","PS-unassociated",93934.25,6.75,8.89436459647585e-05,0.00397983550013266,0.00396865232009553
1984,"1","PS-unassociated",100372.25,17.25,0.000228340724071745,0.00982905982905983,0.00977701635918593
1985,"1","PS-unassociated",104410,30,0.000391210797418009,0.0166228009419587,0.0164949082307928
1986,"1","PS-unassociated",97856.75,52.5,0.000660840778281625,0.0297513636041652,0.0294570116303864
1987,"1","PS-unassociated",92392.25,73.75,0.000888843358682945,0.0422733004700218,0.0418496656811046
1988,"1","PS-unassociated",86489.5,104,0.00115670583524727,0.059267701951845,0.0587265106193258
1989,"1","PS-unassociated",77584.75,135.5,0.0014440163903853,0.0794441838649156,0.0788305869612267
1990,"1","PS-unassociated",83051.75,183.75,0.0019158286545409,0.103355176195967,0.102283493209809
1991,"1","PS-unassociated",86165.25,235.75,0.00237861016521629,0.128393649756284,0.126545066195156
1992,"1","PS-unassociated",83281.75,285.75,0.00286932880801103,0.157892555704438,0.155345907973164
1993,"1","PS-unassociated",73639.75,335.5,0.00334901363812186,0.195035460992908,0.19218718349461
1994,"1","PS-unassociated",64524,396,0.0040663659678028,0.247075339260646,0.24393628994312
1995,"1","PS-unassociated",61905.75,476.5,0.00502613272576724,0.307811566350673,0.30316457908383
1996,"1","PS-unassociated",54960.25,545.75,0.00592594603398664,0.376756066411239,0.369987589166248
1997,"1","PS-unassociated",55655,638,0.00706649203496695,0.445390764075535,0.435242039345921
1998,"1","PS-unassociated",56309.25,729.5,0.00808220695767782,0.509009716189579,0.494785810177401
1999,"1","PS-unassociated",55611,817.75,0.00899184658606717,0.572313398887217,0.554367149454584
2000,"1","PS-unassociated",51621.75,865.25,0.00969581855568442,0.630913101336201,0.610739181326981
2001,"1","PS-unassociated",50642.75,899.75,0.0105910257315724,0.683687619916035,0.658783891547386
2002,"1","PS-unassociated",60808.25,1016.75,0.0121377260341838,0.728278776591935,0.693943904777236
2003,"1","PS-unassociated",65243.25,1164,0.0129265468962128,0.780056292722155,0.737552538301656
2004,"1","PS-unassociated",64602.5,1289.75,0.0134428775418738,0.839598997493734,0.790236688152638
2005,"1","PS-unassociated",62262.5,1417.75,0.0135857066196481,0.8951148291374,0.836674096360939
2006,"1","PS-unassociated",59100.5,1503.75,0.0139231598975959,0.950612406163572,0.885367741742613
2007,"1","PS-unassociated",57172.25,1637.75,0.0145234057175795,1.02535608076381,0.947378872072292
2008,"1","PS-unassociated",49988,1726,0.014737997092533,1.10749290171482,1.01740148940388
2009,"1","PS-unassociated",48493.75,1824,0.015829142457943,1.20608996082191,1.09443318436466
2010,"1","PS-unassociated",49038.5,1925.75,0.0174609831011776,1.32129196041098,1.18167358132309
2011,"1","PS-unassociated",50684,2071.75,0.0193445676709719,1.44847234845837,1.27698423702434
2012,"1","PS-unassociated",52560.25,2314.25,0.0212770358792838,1.60280495195221,1.38727526498457
2013,"1","PS-unassociated",50091,2495,0.0227873651138683,1.76978595875228,1.50940280213559
2014,"1","PS-unassociated",58332.5,2913.5,0.0263709905526956,1.9855860153681,1.64110026465409
2015,"1","PS-unassociated",70679.25,3604.5,0.0303302501015005,2.22675253671871,1.77623714130536
2016,"1","PS-unassociated",72951.5,4107.25,0.0329011663302253,2.46470738257047,1.93088587248448
2017,"1","PS-unassociated",71361,4408.25,0.03491614027445,2.6662130490663,2.07769908935764
2018,"1","PS-unassociated",76781.5,4838,0.0376447519690936,2.82346075284505,2.18391189764558
2019,"1","PS-unassociated",91641.5,5610.5,0.0416375996319,2.9837926954117,2.25870401066478
2020,"1","PS-unassociated",97994.5,6255.25,0.0440543914416056,3.15376180092517,2.36779374286769
2021,"1","PS-unassociated",90833.75,6444.5,0.0445513668030272,3.32559279614005,2.51501931777086
2022,"1","PS-unassociated",82286,6408.75,0.0452664869074169,3.49479223470389,2.65365461085523
2023,"1","PS-unassociated",71883.5,6183.25,0.0451557071314724,3.62425450229328,2.77664291251449
2024,"1","PS-unassociated",50245.25,5629.25,0.0410450005741962,3.68033081625315,2.90724351424134
1952,"2","PS-unassociated",261480,0,0,0,0
1953,"2","PS-unassociated",267722.5,0,0,0,0
1954,"2","PS-unassociated",270462.5,0,0,0,0
1955,"2","PS-unassociated",273570,0,0,0,0
1956,"2","PS-unassociated",272712.5,0,0,0,0
1957,"2","PS-unassociated",277047.5,0,0,0,0
1958,"2","PS-unassociated",283300,0,0,0,0
1959,"2","PS-unassociated",273802.5,0,0,0,0
1960,"2","PS-unassociated",251595,0,0,0,0
1961,"2","PS-unassociated",238297.5,0,0,0,0
1962,"2","PS-unassociated",223955,0,0,0,0
1963,"2","PS-unassociated",205035,0,0,0,0
1964,"2","PS-unassociated",188682.5,0,0,0,0
1965,"2","PS-unassociated",177885,0,0,0,0
1966,"2","PS-unassociated",171937.5,0,0,0,0
1967,"2","PS-unassociated",163522.5,0,0,0,0
1968,"2","PS-unassociated",150555,0,0,0,0
1969,"2","PS-unassociated",140265,7.5,0.000211074368535847,0.004267303917385,0.00426310056447967
1970,"2","PS-unassociated",134985,2.5,7.06763728885434e-05,0.00146732989978137,0.0014682632497777
1971,"2","PS-unassociated",134952.5,5,0.000142949038667715,0.00294165232611158,0.00294564713664664
1972,"2","PS-unassociated",139735,7.5,0.000202020202020202,0.00424322145372767,0.00423179190099036
1973,"2","PS-unassociated",145287.5,2.5,5.81767409389726e-05,0.00133053034939727,0.00131930649107726
1974,"2","PS-unassociated",145362.5,5,9.68898362561767e-05,0.00254757598145365,0.00251314260780644
1975,"2","PS-unassociated",139527.5,5,8.44451950684006e-05,0.0025277419680999,0.00248814594250603
1976,"2","PS-unassociated",130435,5,7.6057195010648e-05,0.00256374101088308,0.00251918557880316
1977,"2","PS-unassociated",127240,7.5,0.00010487676979549,0.00380006586780838,0.00372673475929482
1978,"2","PS-unassociated",127372.5,15,0.000197980597901406,0.0074437069660691,0.00728552880708578
1979,"2","PS-unassociated",124632.5,27.5,0.000332929782082324,0.0133997636768952,0.0130789642498847
1980,"2","PS-unassociated",118895,60,0.000692161273576743,0.0295101318119221,0.0287611868965823
1981,"2","PS-unassociated",108755,85,0.000970430414430871,0.0438133037808304,0.0426853325509437
1982,"2","PS-unassociated",100437.5,124.5,0.00142081522840033,0.0670400086155834,0.0653348543749409
1983,"2","PS-unassociated",97252.25,250.75,0.00278347454216978,0.135766205991039,0.132157865683452
1984,"2","PS-unassociated",98983.75,496,0.00498588922982587,0.254600518440572,0.246529783801937
1985,"2","PS-unassociated",101042.5,845.75,0.00745962585004013,0.40417194332274,0.388776249485144
1986,"2","PS-unassociated",101056.25,1234,0.00995197406357489,0.563586125002854,0.541483883958965
1987,"2","PS-unassociated",106982.5,1565,0.0118482066811773,0.674554427706299,0.646466612035743
1988,"2","PS-unassociated",125102.5,2025,0.0134243760151149,0.760484832552506,0.721942576959919
1989,"2","PS-unassociated",135690,2462.5,0.0147971216969369,0.847851535601157,0.800954584347781
1990,"2","PS-unassociated",144312.5,2960,0.0159909240701224,0.938453612333056,0.882457177076209
1991,"2","PS-unassociated",146862.5,3730,0.0180743325095702,1.10846130415079,1.0386352783042
1992,"2","PS-unassociated",141920,4792.5,0.021277776544498,1.38086525578782,1.28707971512845
1993,"2","PS-unassociated",132620,5745,0.0239777126222102,1.64557777825517,1.52638203396895
1994,"2","PS-unassociated",125502.5,6892.5,0.0272724574887972,1.95978077751477,1.80748197951934
1995,"2","PS-unassociated",119722.5,8125,0.030273110026454,2.27686703096539,2.08058173371526
1996,"2","PS-unassociated",107635.5,9183.75,0.0329396890299672,2.61028053321206,2.37222543897828
1997,"2","PS-unassociated",97773.75,10029,0.0352850838807963,2.90489362626541,2.63173048721227
1998,"2","PS-unassociated",96745.25,10735.25,0.0354577485432027,3.00692543082622,2.69155315588788
1999,"2","PS-unassociated",97041.25,11537,0.0349044944415114,3.06348289619554,2.69796340299298
2000,"2","PS-unassociated",88005.75,12146.25,0.0339438593647604,3.13645870991065,2.7294672256665
2001,"2","PS-unassociated",78222.75,12724,0.0332700129299131,3.22104157305504,2.77535760757874
2002,"2","PS-unassociated",74553.75,13407.5,0.0333876616932768,3.32292402443709,2.83279189300699
2003,"2","PS-unassociated",76895.5,14730.25,0.0344959415850534,3.50321955395949,2.93959092822067
2004,"2","PS-unassociated",77852,16241.5,0.0360486234149032,3.74098813774041,3.09329405566655
2005,"2","PS-unassociated",75601,17419.5,0.0370080413006299,3.94289206532442,3.21343253125979
2006,"2","PS-unassociated",72063.25,18517,0.0371305021751532,4.09086641223482,3.27380751447787
2007,"2","PS-unassociated",66476.25,19399.25,0.0374483376349109,4.25154096923541,3.35846433832851
2008,"2","PS-unassociated",63074.75,20707.5,0.0382121176193246,4.48943089430894,3.47022155267342
2009,"2","PS-unassociated",58064.75,21649.5,0.0387356845751031,4.70549240366015,3.56698286822919
2010,"2","PS-unassociated",57934.5,23028.75,0.0398032544340346,4.97550462630376,3.68014504759694
2011,"2","PS-unassociated",62425.25,25506.75,0.0419989330154334,5.40789661989897,3.87115102382481
2012,"2","PS-unassociated",60563.75,27049,0.0445784686276699,5.8454623056393,4.13497605519047
2013,"2","PS-unassociated",55265.5,27777.25,0.0470144239231988,6.24022060847051,4.41111440269727
2014,"2","PS-unassociated",52393.5,29148.5,0.0497654798454374,6.66319964339189,4.71210968140234
2015,"2","PS-unassociated",53842.75,32147,0.0535903465026744,7.22084018890492,5.09787353410317
2016,"2","PS-unassociated",60835.75,36394.75,0.0586141629185367,7.96540894268018,5.54787779282936
2017,"2","PS-unassociated",67704.5,41403.5,0.0647703642751241,8.93684301409484,6.10933469624257
2018,"2","PS-unassociated",73906.25,46654.75,0.0710595476259922,9.98720953879416,6.69141981903144
2019,"2","PS-unassociated",78668.75,51266.5,0.075831343247155,10.8713930519697,7.14249170338064
2020,"2","PS-unassociated",80815.25,53838.25,0.0792447803494817,11.5202075587771,7.46703851008916
2021,"2","PS-unassociated",80095,53872,0.08218528149359,11.9870721545111,7.73898637882126
2022,"2","PS-unassociated",80471.75,53858.5,0.0839538272265979,12.2968121236337,7.88525761807615
2023,"2","PS-unassociated",84471,54692.75,0.0845945246785427,12.4495521436782,7.88604229417278
2024,"2","PS-unassociated",85940,55926.25,0.0839603634873285,12.4647573410598,7.83439031104013
1952,"3","PS-unassociated",225322.5,0,0,0,0
1953,"3","PS-unassociated",226352.5,0,0,0,0
1954,"3","PS-unassociated",229295,0,0,0,0
1955,"3","PS-unassociated",231870,0,0,0,0
1956,"3","PS-unassociated",229012.5,0,0,0,0
1957,"3","PS-unassociated",239920,0,0,0,0
1958,"3","PS-unassociated",248082.5,0,0,0,0
1959,"3","PS-unassociated",239232.5,0,0,0,0
1960,"3","PS-unassociated",218800,0,0,0,0
1961,"3","PS-unassociated",204575,0,0,0,0
1962,"3","PS-unassociated",192562.5,0,0,0,0
1963,"3","PS-unassociated",185027.5,0,0,0,0
1964,"3","PS-unassociated",175837.5,0,0,0,0
1965,"3","PS-unassociated",168892.5,0,0,0,0
1966,"3","PS-unassociated",162422.5,0,0,0,0
1967,"3","PS-unassociated",155690,0,0,0,0
1968,"3","PS-unassociated",150300,0,0,0,0
1969,"3","PS-unassociated",149497.5,2.5,6.8927488282327e-05,0.00134593124983176,0.00134518907654815
1970,"3","PS-unassociated",146845,2.5,7.1093416749609e-05,0.00137381508448963,0.00137254538478123
1971,"3","PS-unassociated",147537.5,2.5,7.39480884419138e-05,0.00137889192245112,0.00137736242612362
1972,"3","PS-unassociated",151262.5,2.5,6.64319404769813e-05,0.00132388958760839,0.00132195471941419
1973,"3","PS-unassociated",146345,2.5,6.1511964077013e-05,0.00133773895362059,0.00133436518865175
1974,"3","PS-unassociated",140280,2.5,6.20732464307883e-05,0.00138598217626921,0.00137995990734688
1975,"3","PS-unassociated",138045,2.5,5.71200091392015e-05,0.00137665198237885,0.0013700466949784
1976,"3","PS-unassociated",138275,7.5,0.000162919517758227,0.00407464754298753,0.00405362595525082
1977,"3","PS-unassociated",135927.5,7.5,0.000144223835392529,0.00399765470923725,0.00397363149695636
1978,"3","PS-unassociated",139095,22.5,0.000392601640202408,0.0114819350887936,0.011397288123604
1979,"3","PS-unassociated",137110,37.5,0.000621813207312523,0.0190507639356338,0.0188809710306816
1980,"3","PS-unassociated",129360,97.5,0.00145035329118631,0.0497741021517727,0.0493280047691555
1981,"3","PS-unassociated",118565,130,0.00189442238332908,0.0697013564956303,0.0691452489116548
1982,"3","PS-unassociated",114345,277.5,0.00397493285586392,0.151418009194211,0.150089543222766
1983,"3","PS-unassociated",114107.5,620,0.00802407221664995,0.326745718050066,0.322495814188283
1984,"3","PS-unassociated",122702.5,1230,0.0138494018296974,0.589143945109028,0.579143838173046
1985,"3","PS-unassociated",127767.5,1880,0.0182830468503076,0.830342847678463,0.81174991867815
1986,"3","PS-unassociated",126887.5,2217.5,0.0194902219292463,0.941203934593224,0.917689347169965
1987,"3","PS-unassociated",128782.5,3075,0.024710207525564,1.24584717607973,1.21250911957697
1988,"3","PS-unassociated",127642.5,3732.5,0.0276824949474348,1.46473069753753,1.42217358031725
1989,"3","PS-unassociated",128015,4155,0.0293256166848996,1.59415285451197,1.53896479825068
1990,"3","PS-unassociated",130595,5402.5,0.0336961267386016,1.93182732449514,1.86115953145476
1991,"3","PS-unassociated",133707.5,6807.5,0.0396649672250546,2.33203442812487,2.24218401206674
1992,"3","PS-unassociated",134815,8472.5,0.0461075889091453,2.80325902642789,2.68335145412932
1993,"3","PS-unassociated",131105,10100,0.0514748041026948,3.27908769936285,3.12525447124214
1994,"3","PS-unassociated",130700,12162.5,0.0564588192969629,3.77219508412809,3.57020935703172
1995,"3","PS-unassociated",125477.5,14402.5,0.062547499620003,4.38609180262968,4.13899139262549
1996,"3","PS-unassociated",125755,14530,0.0641345368674273,4.4805920672243,4.21375007094514
1997,"3","PS-unassociated",139047.5,14145,0.0631480262056496,4.23395243725399,3.95392250228634
1998,"3","PS-unassociated",137437.5,15345,0.0642944682455718,4.46023718172306,4.14777249474888
1999,"3","PS-unassociated",128577.5,15773.75,0.0622686944249805,4.54084202950702,4.20480618557343
2000,"3","PS-unassociated",114130,15375,0.0562944004920954,4.39687714481812,4.03959976077529
2001,"3","PS-unassociated",111047.5,14539,0.0511796506414177,4.08482064465376,3.73024669061703
2002,"3","PS-unassociated",109380,15403.25,0.0501508685420979,4.13673870861616,3.74934655831716
2003,"3","PS-unassociated",107720,18014.5,0.0541762996545282,4.63938500366989,4.16602691914543
2004,"3","PS-unassociated",104225,19037.25,0.0558761741304959,4.90309578386175,4.36167527155394
2005,"3","PS-unassociated",93472.75,19006,0.0548756412468141,4.99074377995142,4.41452252872101
2006,"3","PS-unassociated",90817.75,18901.75,0.0541124518687107,5.00516357955223,4.38076653930783
2007,"3","PS-unassociated",91955.5,20090,0.0547584522628406,5.18144069326593,4.4609009219756
2008,"3","PS-unassociated",93948.25,20028.75,0.0541005392834135,5.15394611564293,4.38097984029413
2009,"3","PS-unassociated",92710.5,19571.5,0.0525448540126144,5.08241740406277,4.25649715779968
2010,"3","PS-unassociated",90769.5,20856.25,0.0533468301719568,5.33060280379803,4.38142995345987
2011,"3","PS-unassociated",92226.75,23179.5,0.0567601220932155,5.82388522829344,4.69132464936331
2012,"3","PS-unassociated",87128,24982.25,0.0585298453655648,6.22769679481986,4.94624047417866
2013,"3","PS-unassociated",85365.25,25975.5,0.0609563211485616,6.57333012792125,5.17951336093494
2014,"3","PS-unassociated",90854.25,28797.25,0.065825332486818,7.16157992576612,5.56665499270933
2015,"3","PS-unassociated",98399.5,33073.25,0.0718286099315502,7.90436585467864,6.06142278143086
2016,"3","PS-unassociated",106607.5,37643,0.0796371762154729,8.84406644268496,6.67336260918632
2017,"3","PS-unassociated",106790,40059,0.0855511389573328,9.64637890554452,7.18038316218039
2018,"3","PS-unassociated",104120.5,41990.75,0.0902895330841582,10.3940072774079,7.64038772062021
2019,"3","PS-unassociated",100627,43437.5,0.0946218827875852,11.0841052336115,8.08134718414508
2020,"3","PS-unassociated",102001.25,44474.25,0.0981670213945912,11.5662486102713,8.34804226318128
2021,"3","PS-unassociated",105254.5,45088.75,0.100418589423796,11.8502578928349,8.45395927507789
2022,"3","PS-unassociated",105174,44926.25,0.10045901280104,11.9384691016834,8.4375599999308
2023,"3","PS-unassociated",102914,42086,0.0965361580508348,11.4509601191731,8.05590637206295
2024,"3","PS-unassociated",99909.75,40712.25,0.0933523115515668,11.1783118140071,7.81790285657033
1952,"4","PS-unassociated",168605,0,0,0,0
1953,"4","PS-unassociated",168230,0,0,0,0
1954,"4","PS-unassociated",167142.5,0,0,0,0
1955,"4","PS-unassociated",168022.5,0,0,0,0
1956,"4","PS-unassociated",169510,0,0,0,0
1957,"4","PS-unassociated",178367.5,0,0,0,0
1958,"4","PS-unassociated",175105,0,0,0,0
1959,"4","PS-unassociated",162785,0,0,0,0
1960,"4","PS-unassociated",147455,0,0,0,0
1961,"4","PS-unassociated",134775,0,0,0,0
1962,"4","PS-unassociated",128632.5,0,0,0,0
1963,"4","PS-unassociated",124530,0,0,0,0
1964,"4","PS-unassociated",116127.5,0,0,0,0
1965,"4","PS-unassociated",117012.5,0,0,0,0
1966,"4","PS-unassociated",121280,0,0,0,0
1967,"4","PS-unassociated",120502.5,0,0,0,0
1968,"4","PS-unassociated",120982.5,0,0,0,0
1969,"4","PS-unassociated",128402.5,0,0,0,0
1970,"4","PS-unassociated",126805,0,0,0,0
1971,"4","PS-unassociated",125135,0,0,0,0
1972,"4","PS-unassociated",124400,0,0,0,0
1973,"4","PS-unassociated",113660,5,0.000152346130408288,0.00341518390765343,0.00340789984691194
1974,"4","PS-unassociated",104133.25,0.25,8.1115500360964e-06,0.000185329330219801,0.000184979059424291
1975,"4","PS-unassociated",99264.75,0.5,1.64438524657557e-05,0.000385795027102101,0.000384929077038801
1976,"4","PS-unassociated",90077.25,1.75,4.70711648768417e-05,0.00137581320387586,0.00137375009930079
1977,"4","PS-unassociated",86557.75,2.5,5.96416728296395e-05,0.00194677516693597,0.00194423238142198
1978,"4","PS-unassociated",89624.75,3.5,8.26880710644908e-05,0.00265478335071584,0.00264779010530108
1979,"4","PS-unassociated",87132.75,7,0.000161730049443187,0.00537489922063961,0.00535344656502376
1980,"4","PS-unassociated",81856,15.5,0.000310903173719656,0.0117886410739072,0.0117383342648574
1981,"4","PS-unassociated",76883,29.5,0.00060654035549433,0.0235538344844106,0.0234351851274733
1982,"4","PS-unassociated",75129,51,0.00107672738212738,0.0417493809221701,0.0414970728664765
1983,"4","PS-unassociated",75977.25,113.75,0.00224413196482385,0.0901525658807212,0.0894833725763701
1984,"4","PS-unassociated",83578.75,267.25,0.00486860682242565,0.194307110658717,0.191956699919957
1985,"4","PS-unassociated",85539.25,479.25,0.00726419777413157,0.319436112777444,0.314573704849249
1986,"4","PS-unassociated",83384.5,690.25,0.00982957559445613,0.455347571534592,0.446733014808454
1987,"4","PS-unassociated",78475.25,886,0.0117890478946703,0.586007903831209,0.573912224120504
1988,"4","PS-unassociated",72943.25,1157,0.0144615961502406,0.770896491987874,0.75445574279152
1989,"4","PS-unassociated",73622,1395.25,0.01752997308155,0.931843985841181,0.90738655328434
1990,"4","PS-unassociated",80672.25,1713.5,0.0204064011909192,1.06785074394329,1.03650274741101
1991,"4","PS-unassociated",82416,2141.75,0.0242810215771469,1.29303448796317,1.25135124301283
1992,"4","PS-unassociated",78263.25,2569,0.0275728092818083,1.55151588356082,1.49680072587408
1993,"4","PS-unassociated",73332.75,3093.75,0.0313495109476292,1.87349552631977,1.80150171353843
1994,"4","PS-unassociated",70683.75,3867,0.0361929542136199,2.28309963099631,2.19151943703556
1995,"4","PS-unassociated",67896.25,4751.75,0.0405206046005927,2.69270545567881,2.60213153988863
1996,"4","PS-unassociated",79999.25,5279.75,0.0454431997658876,2.83743114335617,2.71952182266844
1997,"4","PS-unassociated",96073.25,5685.75,0.0490315709592018,2.83465450194436,2.69364412350276
1998,"4","PS-unassociated",93034.25,5814.75,0.0448717454045962,2.75378276621439,2.63370614126652
1999,"4","PS-unassociated",89028.25,5928,0.0427435011383486,2.75890956054313,2.62124034596766
2000,"4","PS-unassociated",87512.25,6000.25,0.0405408601060775,2.71004821426555,2.56155906867191
2001,"4","PS-unassociated",79738.25,5962.75,0.038472891862639,2.72336975759029,2.5509250653618
2002,"4","PS-unassociated",69036.75,6196.25,0.0379830444057573,2.89832193182483,2.68183434668343
2003,"4","PS-unassociated",60086.25,6720.5,0.0387884699462225,3.14508675254174,2.91013135809019
2004,"4","PS-unassociated",59485,6934.75,0.0393406864587426,3.2040797468062,2.97887983233738
2005,"4","PS-unassociated",49093.25,6616,0.0363284939269477,3.06416877011787,2.91815401782112
2006,"4","PS-unassociated",55119.75,6940,0.0377773423040913,3.15200236173088,2.95108168513291
2007,"4","PS-unassociated",54940.5,7252.25,0.0383062785639866,3.26028074670982,3.00940017341136
2008,"4","PS-unassociated",57543,7732.5,0.0395466645527378,3.41733971207283,3.08410589899578
2009,"4","PS-unassociated",50966.75,7842,0.0389104865299358,3.5314382212215,3.13540328109069
2010,"4","PS-unassociated",38849.75,8201.25,0.0392788167383675,3.84962917761923,3.36280618810362
2011,"4","PS-unassociated",39973.5,8770.25,0.0411384760435014,4.0976732233799,3.51409329298987
2012,"4","PS-unassociated",46365.5,9830.25,0.0441948028593265,4.39566704675028,3.69746979063173
2013,"4","PS-unassociated",47333.25,10670.75,0.0463663422264708,4.71036804061138,3.88624807382934
2014,"4","PS-unassociated",44948.75,11675,0.0492484600628735,5.15281915480525,4.20160604247094
2015,"4","PS-unassociated",46998.25,13549.5,0.0545003680418964,5.8050212073176,4.66902091560673
2016,"4","PS-unassociated",51039.75,15614.5,0.0604092796886395,6.53531442921419,5.1452436180049
2017,"4","PS-unassociated",54959,16843.25,0.0663347941369624,7.19520269981631,5.55338183172951
2018,"4","PS-unassociated",57333.75,17848.75,0.0719942803899661,7.83768058665964,5.95115413516408
2019,"4","PS-unassociated",51559.25,18710.75,0.0748349178288745,8.39564754052387,6.38047319595524
2020,"4","PS-unassociated",52298.25,19604,0.0781354157221418,8.84916604599725,6.66041506151671
2021,"4","PS-unassociated",58835.25,20446,0.0817699355710818,9.1649110224573,6.76989933543883
2022,"4","PS-unassociated",61032.75,20652.25,0.0819655702733542,9.17245897270769,6.72654272144695
2023,"4","PS-unassociated",54704.25,19980,0.0805771063018919,9.18768537465799,6.77107619085253
2024,"4","PS-unassociated",43674.5,19061,0.078388151096955,9.26550651370795,6.90093509947535
1952,"5","PS-unassociated",175547.5,0,0,0,0
1953,"5","PS-unassociated",180267.5,0,0,0,0
1954,"5","PS-unassociated",183422.5,0,0,0,0
1955,"5","PS-unassociated",182200,0,0,0,0
1956,"5","PS-unassociated",177342.5,0,0,0,0
1957,"5","PS-unassociated",188957.5,0,0,0,0
1958,"5","PS-unassociated",201887.5,0,0,0,0
1959,"5","PS-unassociated",194782.5,0,0,0,0
1960,"5","PS-unassociated",176140,0,0,0,0
1961,"5","PS-unassociated",165467.5,0,0,0,0
1962,"5","PS-unassociated",155050,0,0,0,0
1963,"5","PS-unassociated",149390,0,0,0,0
1964,"5","PS-unassociated",140765,0,0,0,0
1965,"5","PS-unassociated",134025,0,0,0,0
1966,"5","PS-unassociated",129302.5,0,0,0,0
1967,"5","PS-unassociated",123780,0,0,0,0
1968,"5","PS-unassociated",118707.5,0,0,0,0
1969,"5","PS-unassociated",118282.5,0,0,0,0
1970,"5","PS-unassociated",115450,2.5,0.000108003024084674,0.00180410976203792,0.0018023561182472
1971,"5","PS-unassociated",113722.5,2.5,0.000107123727905731,0.00182438472625107,0.00182243037732097
1972,"5","PS-unassociated",118935,0,0,0,0
1973,"5","PS-unassociated",116025,0,0,0,0
1974,"5","PS-unassociated",110247.5,2.5,9.52018278750952e-05,0.00183257586864096,0.00182664407317887
1975,"5","PS-unassociated",115520,5,0.00019466614755694,0.00354427687890978,0.00352668313539952
1976,"5","PS-unassociated",117042.5,2.5,9.51112801978315e-05,0.00174596246180707,0.00173682912193648
1977,"5","PS-unassociated",114112.5,7.5,0.000260032937505417,0.0052530204867799,0.00522160344477697
1978,"5","PS-unassociated",115625,2.5,7.89951812939411e-05,0.00170004420114923,0.00168849480535976
1979,"5","PS-unassociated",113012.5,12.5,0.000365978626848192,0.00851078316226659,0.00844038947925267
1980,"5","PS-unassociated",109095,20,0.000537887447051704,0.0137068448556498,0.013579665094332
1981,"5","PS-unassociated",99124.25,48.25,0.0011965282083075,0.0347097331127257,0.034373179965867
1982,"5","PS-unassociated",94950,83,0.00200282325688018,0.0610923008979832,0.0604311304057774
1983,"5","PS-unassociated",98822.25,180.5,0.0041502601097922,0.127573107164944,0.125679658697149
1984,"5","PS-unassociated",107065,417.5,0.00845013408895411,0.26927666161437,0.263772043323007
1985,"5","PS-unassociated",113105,775,0.0134420258433787,0.459954301314579,0.448067528112624
1986,"5","PS-unassociated",112775,1095,0.0165733313152717,0.622928903616685,0.604378689936258
1987,"5","PS-unassociated",118037.5,1385,0.0191861471861472,0.743125419181757,0.717749777162252
1988,"5","PS-unassociated",118870,1815,0.0230622617534943,0.9411825712693,0.906351640661653
1989,"5","PS-unassociated",115587.5,2210,0.0261414714927845,1.13649512104187,1.08998136283505
1990,"5","PS-unassociated",124912.5,2697.5,0.0295300911354991,1.28955923128406,1.22769116339931
1991,"5","PS-unassociated",134635,3277.5,0.0330943605795931,1.45477545857053,1.37985896603042
1992,"5","PS-unassociated",142887.5,3987.5,0.0379175086176156,1.6747868453106,1.57967057826086
1993,"5","PS-unassociated",140720,4875,0.0432257492463203,2.01596228599785,1.89432171713621
1994,"5","PS-unassociated",146230,6112.5,0.0493650184740253,2.3904265615987,2.23149594181343
1995,"5","PS-unassociated",141795,7370,0.0549507903370116,2.8447635314439,2.64384627412506
1996,"5","PS-unassociated",135775,8252.5,0.0595837620259562,3.22495554817406,2.98908399565332
1997,"5","PS-unassociated",146257.5,8830,0.0630522876983773,3.31855081178593,3.04864493502536
1998,"5","PS-unassociated",145087.5,8872.5,0.0623101638077848,3.331268303672,3.04427050592776
1999,"5","PS-unassociated",135330,9187.5,0.0610444835719744,3.48969708479727,3.17963446716694
2000,"5","PS-unassociated",127555,9375,0.0585041654965834,3.55770599117689,3.22662364481085
2001,"5","PS-unassociated",120175,9305,0.0536249423697556,3.47941517406424,3.13933402288784
2002,"5","PS-unassociated",119195,9555,0.0508548998735946,3.44287104096854,3.07643467004569
2003,"5","PS-unassociated",121865,10360,0.0504836391102015,3.53294229982267,3.12871509810819
2004,"5","PS-unassociated",123102.5,11230,0.0524472258546609,3.74433182181915,3.28840014133914
2005,"5","PS-unassociated",117380,11602.5,0.0531389903477335,3.91569568775681,3.41691379089414
2006,"5","PS-unassociated",115212.5,11655,0.0527292057818897,3.9580255717997,3.41853899540051
2007,"5","PS-unassociated",122845,12142.5,0.0526150446312505,3.96337731645818,3.36031814986042
2008,"5","PS-unassociated",118597.5,12510,0.0526443142246957,4.10476838901786,3.43191854451756
2009,"5","PS-unassociated",111007.5,12519.75,0.052106245590962,4.21895534962089,3.48128104125247
2010,"5","PS-unassociated",106525,13108.25,0.0522268605812857,4.4161171050526,3.57901639200706
2011,"5","PS-unassociated",106075,14299.5,0.0543782175299827,4.76062855811166,3.77634154428138
2012,"5","PS-unassociated",103550,15626.75,0.0569398745823359,5.17626307377626,4.03566907408315
2013,"5","PS-unassociated",98786.75,16412.75,0.0585331364724092,5.50006702188264,4.237547223938
2014,"5","PS-unassociated",104102,18111.25,0.0627922054283253,5.96260051523058,4.50157666463246
2015,"5","PS-unassociated",112067.5,20707.75,0.0683782344710306,6.55806625285027,4.85941630030969
2016,"5","PS-unassociated",111680,23342.25,0.0743257120204042,7.34188860843104,5.36742650402104
2017,"5","PS-unassociated",105490,25148.25,0.0805311583604124,8.20096200880483,5.94321393087161
2018,"5","PS-unassociated",101301.75,26614.25,0.0864476532771616,8.99996618365656,6.46139312673278
2019,"5","PS-unassociated",97496.75,27652.75,0.0912218052863799,9.68199642869647,6.89141277946187
2020,"5","PS-unassociated",97291.75,28852.25,0.0959960140638998,10.2915106117353,7.25613102846015
2021,"5","PS-unassociated",103701.5,29699.75,0.0998096207874608,10.563573149803,7.3538872332055
2022,"5","PS-unassociated",111255,29941,0.10086604113169,10.4983388704319,7.21076499516052
2023,"5","PS-unassociated",107930,28722.5,0.0982932782592106,10.2610590620451,7.04794944203423
2024,"5","PS-unassociated",102845,27688.25,0.0955845863996527,10.1295078518708,6.9303174383987
1952,"All regions","PS-unassociated",1279207.5,0,0,0,0
1953,"All regions","PS-unassociated",1280825,0,0,0,0
1954,"All regions","PS-unassociated",1285617.5,0,0,0,0
1955,"All regions","PS-unassociated",1291420,0,0,0,0
1956,"All regions","PS-unassociated",1291132.5,0,0,0,0
1957,"All regions","PS-unassociated",1332892.5,0,0,0,0
1958,"All regions","PS-unassociated",1307867.5,0,0,0,0
1959,"All regions","PS-unassociated",1201522.5,0,0,0,0
1960,"All regions","PS-unassociated",1087592.5,0,0,0,0
1961,"All regions","PS-unassociated",1049262.5,0,0,0,0
1962,"All regions","PS-unassociated",985027.5,0,0,0,0
1963,"All regions","PS-unassociated",930200,0,0,0,0
1964,"All regions","PS-unassociated",868295,0,0,0,0
1965,"All regions","PS-unassociated",846525,0,0,0,0
1966,"All regions","PS-unassociated",840110,0,0,0,0
1967,"All regions","PS-unassociated",806322.5,0,0,0,0
1968,"All regions","PS-unassociated",769947.5,0,0,0,0
1969,"All regions","PS-unassociated",772645,10,4.97246497519983e-05,0.00102711322125816,0.0010263982014256
1970,"All regions","PS-unassociated",746662.5,7.5,3.75361285237041e-05,0.000792554217313083,0.000791939396029179
1971,"All regions","PS-unassociated",724362.5,10,5.05375936524782e-05,0.00108456929042054,0.0010834730599788
1972,"All regions","PS-unassociated",721880,10,4.93479896862702e-05,0.00108213689572799,0.00107992074259266
1973,"All regions","PS-unassociated",678745,10,4.66695446219184e-05,0.00112075269751165,0.00111682982115965
1974,"All regions","PS-unassociated",642690.75,10.25,4.7045270171807e-05,0.00119255727910785,0.00118676486468439
1975,"All regions","PS-unassociated",619912.25,13,5.74232847002284e-05,0.00153839781784186,0.00152988151596673
1976,"All regions","PS-unassociated",583912.25,16.75,6.89164989184224e-05,0.00202900569635778,0.00201718676442108
1977,"All regions","PS-unassociated",573257.75,25,9.50310181243158e-05,0.0029956263854772,0.00297564487699315
1978,"All regions","PS-unassociated",588939.75,43.5,0.000154382465700919,0.00500950077733633,0.00496836056594323
1979,"All regions","PS-unassociated",575707.75,87,0.000291323580132402,0.00998576741196456,0.00988486045935166
1980,"All regions","PS-unassociated",550913.5,195.5,0.000609371700373026,0.0225232360878694,0.0222741672940724
1981,"All regions","PS-unassociated",503534.25,293.75,0.000906431575601793,0.0356637710719771,0.0352622588548034
1982,"All regions","PS-unassociated",478457.25,539.75,0.00166364605872308,0.0675840653114376,0.0668090435353473
1983,"All regions","PS-unassociated",480093.5,1171.75,0.00347264927501871,0.144355742814552,0.142373122802139
1984,"All regions","PS-unassociated",512702.25,2428,0.00659534835078941,0.278543383304032,0.273447499660991
1985,"All regions","PS-unassociated",531864.25,4010,0.00962741773329532,0.429029574688325,0.419032554056871
1986,"All regions","PS-unassociated",521960,5289.25,0.0116630081377003,0.551889105687664,0.537544758118187
1987,"All regions","PS-unassociated",524670,6984.75,0.0143469687477534,0.704923285756457,0.685118698112021
1988,"All regions","PS-unassociated",531047.75,8833.5,0.01653306331919,0.849779462340248,0.822737815035166
1989,"All regions","PS-unassociated",530499.25,10358.25,0.0182985239022895,0.971850510518822,0.936854928532685
1990,"All regions","PS-unassociated",563544,12957.25,0.021011890210654,1.13411626721284,1.08859439022894
1991,"All regions","PS-unassociated",583786.25,16192.5,0.0243734752466417,1.3460547316619,1.28733154609684
1992,"All regions","PS-unassociated",581167.5,20107.25,0.0284437908975201,1.62950281615949,1.55107867791114
1993,"All regions","PS-unassociated",551417.5,24149.25,0.0323086555770284,1.95366080078311,1.8527170396024
1994,"All regions","PS-unassociated",537640.25,29430.5,0.0369636677684617,2.33671832819894,2.20485469601178
1995,"All regions","PS-unassociated",516797,35125.75,0.0415764629571982,2.7537512935495,2.58765453655738
1996,"All regions","PS-unassociated",504125,37791.75,0.0443491746084275,2.99235713423216,2.7973532225686
1997,"All regions","PS-unassociated",534807,39327.75,0.0460235291639458,3.05047179141119,2.83357502000603
1998,"All regions","PS-unassociated",528613.75,41497,0.0459206384204814,3.13926482937051,2.89986172343511
1999,"All regions","PS-unassociated",505588,43244,0.0448596540866721,3.21516728624535,2.94391396561529
2000,"All regions","PS-unassociated",468824.75,43761.75,0.0425515519489091,3.22013756413252,2.92424591944372
2001,"All regions","PS-unassociated",439826.25,43430.5,0.0402140216892102,3.17257576144959,2.85694459511286
2002,"All regions","PS-unassociated",432973.75,45578.75,0.0398591249991255,3.23996900690592,2.88827176183361
2003,"All regions","PS-unassociated",431810,50989.25,0.0415204070020608,3.48069683223941,3.07267209965041
2004,"All regions","PS-unassociated",429267,54733.25,0.0428411556719383,3.66748973123647,3.20896371760057
2005,"All regions","PS-unassociated",397809.5,56061.75,0.0424113817217266,3.75439483535691,3.27049103289798
2006,"All regions","PS-unassociated",392313.75,57517.5,0.0422689071924936,3.82654715948687,3.2854159762805
2007,"All regions","PS-unassociated",393389.5,60521.75,0.0426876877935928,3.94908167909419,3.34159959014353
2008,"All regions","PS-unassociated",383151.5,62704.75,0.0428780918437961,4.08035477526399,3.39370360245766
2009,"All regions","PS-unassociated",361243.25,63406.75,0.0426000675884949,4.18466325791512,3.42264479396189
2010,"All regions","PS-unassociated",343117.25,67120.25,0.0435961422234404,4.44589615572501,3.56261449787711
2011,"All regions","PS-unassociated",351384.5,73827.75,0.0461727889327025,4.83452241019714,3.77806658266764
2012,"All regions","PS-unassociated",350167.5,79802.5,0.0486825469691031,5.20293585039746,4.01011945993792
2013,"All regions","PS-unassociated",336841.75,83331.25,0.0509052140561769,5.53246615290902,4.23374186156039
2014,"All regions","PS-unassociated",350631,90645.5,0.05463294062765,5.97682012768546,4.52675123732946
2015,"All regions","PS-unassociated",381987.25,103082,0.0595640290054089,6.54631245207291,4.90139758028802
2016,"All regions","PS-unassociated",403114.5,117101.75,0.0653845402212209,7.29133458693432,5.37404889172951
2017,"All regions","PS-unassociated",406304.5,127862.25,0.0710374840305979,8.068838870597,5.85552762848011
2018,"All regions","PS-unassociated",413443.75,137946.5,0.0763853819199879,8.80923796082839,6.29467463110167
2019,"All regions","PS-unassociated",419993.25,146678,0.0804581812516936,9.4026317855981,6.63614465932139
2020,"All regions","PS-unassociated",430401,153024,0.0838082521476946,9.85926972309784,6.88306452511726
2021,"All regions","PS-unassociated",438720,155551,0.0865729212162262,10.1804889941146,7.05285164222464
2022,"All regions","PS-unassociated",440219.5,155786.75,0.0875641821917077,10.3304465745158,7.1048570059172
2023,"All regions","PS-unassociated",421902.75,151664.5,0.0861928700049926,10.2834719079221,7.03995298216662
2024,"All regions","PS-unassociated",382614.5,149017,0.0840858938164279,10.3133088795072,7.0491697276333
1952,"1","Miscellaneous",448252.5,0,0,0,0
1953,"1","Miscellaneous",438252.5,0,0,0,0
1954,"1","Miscellaneous",435295,0,0,0,0
1955,"1","Miscellaneous",435757.5,0,0,0,0
1956,"1","Miscellaneous",442555,0,0,0,0
1957,"1","Miscellaneous",448600,0,0,0,0
1958,"1","Miscellaneous",399492.5,0,0,0,0
1959,"1","Miscellaneous",330920,0,0,0,0
1960,"1","Miscellaneous",293602.5,0,0,0,0
1961,"1","Miscellaneous",306147.5,0,0,0,0
1962,"1","Miscellaneous",284827.5,0,0,0,0
1963,"1","Miscellaneous",266217.5,0,0,0,0
1964,"1","Miscellaneous",246882.5,0,0,0,0
1965,"1","Miscellaneous",248710,0,0,0,0
1966,"1","Miscellaneous",255167.5,0,0,0,0
1967,"1","Miscellaneous",242827.5,0,0,0,0
1968,"1","Miscellaneous",229402.5,0,0,0,0
1969,"1","Miscellaneous",236197.5,0,0,0,0
1970,"1","Miscellaneous",222577.5,0,0,0,0
1971,"1","Miscellaneous",203017.5,2.5,3.3241365555297e-05,0.000899070361246471,0.000897187522674569
1972,"1","Miscellaneous",187547.5,0,0,0,0
1973,"1","Miscellaneous",157435,7.5,0.000102329706313743,0.00325301988679491,0.00324569651426264
1974,"1","Miscellaneous",142695,27.5,0.000399042298483639,0.0129999054552331,0.0129918883909967
1975,"1","Miscellaneous",127600,45,0.000668449197860963,0.0230822497499423,0.0231096796367515
1976,"1","Miscellaneous",108162.5,80,0.00117976699601829,0.0454416358988924,0.0455471816540033
1977,"1","Miscellaneous",109582.5,162.5,0.00236200443330063,0.0910963799700083,0.0913148603318681
1978,"1","Miscellaneous",117487.5,265,0.00354669254190785,0.138031617053416,0.138114749154562
1979,"1","Miscellaneous",114162.5,345,0.00440655235175783,0.179629027009437,0.179520046215837
1980,"1","Miscellaneous",112132.5,427.5,0.00535211267605634,0.223362984442964,0.222838658188403
1981,"1","Miscellaneous",100667.75,461.75,0.00585241891532212,0.258112300511473,0.257425300890345
1982,"1","Miscellaneous",94104.5,512.5,0.00655433705278639,0.298590072244232,0.298038276797875
1983,"1","Miscellaneous",94507.75,580.25,0.00764585934385943,0.342118451696589,0.341157112405249
1984,"1","Miscellaneous",101045.25,690.25,0.00913693824872592,0.393304843304843,0.391222350256701
1985,"1","Miscellaneous",105172.5,792.5,0.0103344852317924,0.439118991550076,0.435740492430111
1986,"1","Miscellaneous",98651.5,847.25,0.0106647114171258,0.480130339307218,0.475380059120855
1987,"1","Miscellaneous",93200.75,882.25,0.0106329769925156,0.505703313080362,0.500635492164808
1988,"1","Miscellaneous",87310,924.5,0.0102824475450587,0.52685567744693,0.522044798726603
1989,"1","Miscellaneous",78390.25,941,0.0100281876262182,0.55171200750469,0.547450792107117
1990,"1","Miscellaneous",83904,1036,0.0108016244141735,0.582726326742976,0.576684076001971
1991,"1","Miscellaneous",87068.5,1139,0.011491991423887,0.620319690657081,0.611388464035135
1992,"1","Miscellaneous",84198,1202,0.0120697575756054,0.664170960478513,0.653458552524034
1993,"1","Miscellaneous",74519.25,1215,0.0121283206268795,0.706313219393094,0.695998294920867
1994,"1","Miscellaneous",65331.75,1203.75,0.0123608283680369,0.751052877866167,0.741510881361189
1995,"1","Miscellaneous",62672.75,1243.5,0.0131164659905384,0.803281600749342,0.791154573118032
1996,"1","Miscellaneous",55668.25,1253.75,0.0136136598078072,0.8655206931069,0.849971488625165
1997,"1","Miscellaneous",56365.5,1348.5,0.0149359945284529,0.941394114977835,0.919943401344787
1998,"1","Miscellaneous",57053.25,1473.5,0.0163250609350764,1.02813682906833,0.999406293757917
1999,"1","Miscellaneous",56393.25,1600,0.0175933409204616,1.1197816425797,1.08466822271762
2000,"1","Miscellaneous",52403.25,1646.75,0.0184531513511394,1.20075833530816,1.1623631861892
2001,"1","Miscellaneous",51450,1707,0.0200932269228053,1.29708782127999,1.24984062558643
2002,"1","Miscellaneous",61790,1998.5,0.0238576301739034,1.43148771577967,1.36399989544854
2003,"1","Miscellaneous",66436.5,2357.25,0.0261779232569568,1.5797145154805,1.49363893549105
2004,"1","Miscellaneous",66009.25,2696.5,0.0281052291464724,1.75536243205416,1.65215989889792
2005,"1","Miscellaneous",63917,3072.25,0.029440089692974,1.93970483781864,1.81306435728788
2006,"1","Miscellaneous",60931.5,3334.75,0.0308763141935215,2.10809956538917,1.96341152237817
2007,"1","Miscellaneous",59215.5,3681,0.0326427455023112,2.30458600719987,2.12932476147037
2008,"1","Miscellaneous",52172.25,3910.25,0.0333889067966844,2.50902324387622,2.30492130587574
2009,"1","Miscellaneous",50839,4169.25,0.0361818268600761,2.756847899757,2.50162585192563
2010,"1","Miscellaneous",51519.75,4407,0.0399587446589067,3.0237225338342,2.70421159179067
2011,"1","Miscellaneous",53331.75,4719.5,0.0440674247004475,3.29965741452842,2.9090030682449
2012,"1","Miscellaneous",55466.5,5220.5,0.0479968740662422,3.61561769543762,3.12942444457252
2013,"1","Miscellaneous",53123.75,5527.75,0.0504861152337417,3.92101576492703,3.34412879338877
2014,"1","Miscellaneous",61668.75,6249.75,0.0565684222435934,4.25928134530523,3.52032482547518
2015,"1","Miscellaneous",74495.75,7421,0.0624443850751104,4.58447234706327,3.65694432671025
2016,"1","Miscellaneous",76919.75,8075.5,0.0646888717998013,4.84600267038721,3.79642555560252
2017,"1","Miscellaneous",75214.25,8261.5,0.0654363279935051,4.99674907386407,3.89381523886535
2018,"1","Miscellaneous",80564.5,8621,0.0670804891950302,5.0312226437117,3.89158835667684
2019,"1","Miscellaneous",95574.75,9543.75,0.0708277054606445,5.0755853376411,3.84217207054309
2020,"1","Miscellaneous",101966.25,10227,0.0720265794769674,5.15623227497889,3.87121643552342
2021,"1","Miscellaneous",94574.5,10185.25,0.0704114840143585,5.25595376319117,3.97487788134466
2022,"1","Miscellaneous",85723.25,9846,0.0695445804705172,5.36917875449886,4.07690786791193
2023,"1","Miscellaneous",75018.5,9318.25,0.0680503243404105,5.46180560643583,4.18444229483494
2024,"1","Miscellaneous",52992,8376,0.0610725984473006,5.47612042757674,4.3258110183924
1952,"2","Miscellaneous",261480,0,0,0,0
1953,"2","Miscellaneous",267722.5,0,0,0,0
1954,"2","Miscellaneous",270462.5,0,0,0,0
1955,"2","Miscellaneous",273570,0,0,0,0
1956,"2","Miscellaneous",272712.5,0,0,0,0
1957,"2","Miscellaneous",277047.5,0,0,0,0
1958,"2","Miscellaneous",283300,0,0,0,0
1959,"2","Miscellaneous",273802.5,0,0,0,0
1960,"2","Miscellaneous",251595,0,0,0,0
1961,"2","Miscellaneous",238297.5,0,0,0,0
1962,"2","Miscellaneous",223955,0,0,0,0
1963,"2","Miscellaneous",205035,0,0,0,0
1964,"2","Miscellaneous",188682.5,0,0,0,0
1965,"2","Miscellaneous",177885,0,0,0,0
1966,"2","Miscellaneous",171937.5,0,0,0,0
1967,"2","Miscellaneous",163522.5,0,0,0,0
1968,"2","Miscellaneous",150555,0,0,0,0
1969,"2","Miscellaneous",140257.5,0,0,0,0
1970,"2","Miscellaneous",135500,517.5,0.0146300091879285,0.303737289254743,0.303930492703983
1971,"2","Miscellaneous",136932.5,1985,0.0567507683510828,1.1678359734663,1.16942191324872
1972,"2","Miscellaneous",144560,4832.5,0.13016835016835,2.73404902335186,2.72668458153812
1973,"2","Miscellaneous",154635,9350,0.217581011111758,4.97618350674579,4.93420627662896
1974,"2","Miscellaneous",160207.5,14850,0.287762813680845,7.56630066491733,7.46403354518514
1975,"2","Miscellaneous",158395,18872.5,0.318738388785678,9.54096205859306,9.39150685998902
1976,"2","Miscellaneous",151922.5,21492.5,0.32693185275327,11.0202407352809,10.8287192104854
1977,"2","Miscellaneous",152207.5,24975,0.349239643418983,12.6542193398019,12.4100267484518
1978,"2","Miscellaneous",154732.5,27375,0.361314591170065,13.5847652130761,13.2960900729316
1979,"2","Miscellaneous",154377.5,29772.5,0.360441888619855,14.5070714207404,14.1597622956252
1980,"2","Miscellaneous",149387.5,30552.5,0.352454288515891,15.0268050363958,14.6454360442972
1981,"2","Miscellaneous",138070,29400,0.335654755109031,15.1542486018402,14.764103258797
1982,"2","Miscellaneous",128542.5,28229.5,0.322159867390579,15.2008507888644,14.8142190488144
1983,"2","Miscellaneous",125070,28068.5,0.311577089479132,15.1974227432083,14.7935116767138
1984,"2","Miscellaneous",128852.5,30364.75,0.30523241933741,15.586453815158,15.0923694610885
1985,"2","Miscellaneous",134130,33933.25,0.299295712534288,16.2162194451745,15.598512170076
1986,"2","Miscellaneous",135132.5,35310.25,0.284770415055385,16.1267155351556,15.4942717289806
1987,"2","Miscellaneous",141365,35947.5,0.27214914356014,15.4942781405573,14.849110885722
1988,"2","Miscellaneous",165680,42602.5,0.282425668732805,15.9992864586756,15.1884240172518
1989,"2","Miscellaneous",180342.5,47115,0.283113254315201,16.221939126842,15.3246599965668
1990,"2","Miscellaneous",193607.5,52255,0.282299235569001,16.5671937542108,15.5786485770667
1991,"2","Miscellaneous",201367.5,58235,0.282187333430247,17.3059635515338,16.2157977029611
1992,"2","Miscellaneous",200492.5,63365,0.281328390347859,18.2573869448086,17.0173826080572
1993,"2","Miscellaneous",192370,65495,0.273354271225701,18.7601595451388,17.4012865648035
1994,"2","Miscellaneous",185102.5,66492.5,0.26309958354354,18.906162255916,17.4369235434443
1995,"2","Miscellaneous",180475,68877.5,0.256632139796565,19.3015272523469,17.6375714909505
1996,"2","Miscellaneous",168247.5,69795.75,0.250338946575564,19.8379188812779,18.0287196061052
1997,"2","Miscellaneous",157267.5,69522.75,0.244602259983411,20.1372213935032,18.2436076109121
1998,"2","Miscellaneous",162665,76655,0.253185879656198,21.4709362986408,19.2190221154221
1999,"2","Miscellaneous",172090,86585.75,0.261959940156809,22.9915891634968,20.2483474664731
2000,"2","Miscellaneous",170192.5,94333,0.26362260660335,24.3590869183494,21.1982160583553
2001,"2","Miscellaneous",166270,100771.25,0.263491102677106,25.5099328527761,21.9802149727066
2002,"2","Miscellaneous",165615,104468.75,0.260150459259333,25.8916068751007,22.0725883328416
2003,"2","Miscellaneous",172325,110159.75,0.257976904738486,26.1987264479074,21.9836460178922
2004,"2","Miscellaneous",177942.5,116332,0.258203273041438,26.79534723022,22.1561483904689
2005,"2","Miscellaneous",181467.5,123286,0.261923326145381,27.9057028712412,22.74297442802
2006,"2","Miscellaneous",186490,132943.75,0.266580342309663,29.3705849539095,23.5044687450919
2007,"2","Miscellaneous",182907.5,135830.5,0.262207375291249,29.7686217571159,23.5154395302566
2008,"2","Miscellaneous",181855,139487.75,0.25740057029844,30.2412466124661,23.3757525719629
2009,"2","Miscellaneous",176565,140149.75,0.250758516791591,30.4613771218675,23.091145626301
2010,"2","Miscellaneous",175885,140979.25,0.243670757538701,30.459443547211,22.5294073148317
2011,"2","Miscellaneous",180860,143941.5,0.237011356469994,30.5182256192258,21.8459539179189
2012,"2","Miscellaneous",171592.5,138077.75,0.227560894914941,29.8394869633808,21.1079222893481
2013,"2","Miscellaneous",158235,130746.75,0.221295597335247,29.3725463766407,20.7629938899948
2014,"2","Miscellaneous",153257.5,130012.5,0.221971437583578,29.7201997919786,21.0176564815796
2015,"2","Miscellaneous",159230,137534.25,0.229275145845194,30.8928621566833,21.8101910942772
2016,"2","Miscellaneous",172202.5,147761.5,0.237971592993148,32.3393009564247,22.5242032019771
2017,"2","Miscellaneous",184270,157969,0.247121853808907,34.0972177253988,23.3092731926224
2018,"2","Miscellaneous",193400,166148.5,0.253059704504625,35.566794036113,23.8297143549659
2019,"2","Miscellaneous",201122.5,173720.25,0.256960001301661,36.8385030933738,24.2028506789855
2020,"2","Miscellaneous",203025,176048,0.259125901955683,37.6704201995346,24.4167890974201
2021,"2","Miscellaneous",196270,170047,0.259417889852623,37.8372003760423,24.4281151017118
2022,"2","Miscellaneous",197090,170476.75,0.265736617537657,38.9227432289734,24.9589775363659
2023,"2","Miscellaneous",211450,181671.75,0.280995842022371,41.3534138374515,26.194899765625
2024,"2","Miscellaneous",233562.5,203548.75,0.305581494153307,45.366635092216,28.5139868098492
1952,"3","Miscellaneous",225322.5,0,0,0,0
1953,"3","Miscellaneous",226352.5,0,0,0,0
1954,"3","Miscellaneous",229295,0,0,0,0
1955,"3","Miscellaneous",231870,0,0,0,0
1956,"3","Miscellaneous",229012.5,0,0,0,0
1957,"3","Miscellaneous",239920,0,0,0,0
1958,"3","Miscellaneous",248082.5,0,0,0,0
1959,"3","Miscellaneous",239232.5,0,0,0,0
1960,"3","Miscellaneous",218800,0,0,0,0
1961,"3","Miscellaneous",204575,0,0,0,0
1962,"3","Miscellaneous",192562.5,0,0,0,0
1963,"3","Miscellaneous",185027.5,0,0,0,0
1964,"3","Miscellaneous",175837.5,0,0,0,0
1965,"3","Miscellaneous",168892.5,0,0,0,0
1966,"3","Miscellaneous",162422.5,0,0,0,0
1967,"3","Miscellaneous",155690,0,0,0,0
1968,"3","Miscellaneous",150300,0,0,0,0
1969,"3","Miscellaneous",149495,0,0,0,0
1970,"3","Miscellaneous",146855,12.5,0.000355467083748045,0.00686907542244814,0.00686272692390614
1971,"3","Miscellaneous",147642.5,107.5,0.00317976780300229,0.0592923526653981,0.0592265843233156
1972,"3","Miscellaneous",151685,425,0.0112934298810868,0.225061229893427,0.224732302300412
1973,"3","Miscellaneous",147400,1057.5,0.0260195608045765,0.56586357738151,0.56443647479969
1974,"3","Miscellaneous",142150,1872.5,0.0464928615766605,1.03810065002564,1.03358997060281
1975,"3","Miscellaneous",140710,2667.5,0.060947049751528,1.46888766519824,1.46183982354195
1976,"3","Miscellaneous",141615,3347.5,0.0727164114260888,1.8186510200201,1.80926838469362
1977,"3","Miscellaneous",140017.5,4097.5,0.0787942887361185,2.18405202281328,2.17092734117049
1978,"3","Miscellaneous",143837.5,4765,0.0831443029139766,2.43161869769341,2.41369235150992
1979,"3","Miscellaneous",142450,5377.5,0.0891680139286158,2.73187954836989,2.70753124579975
1980,"3","Miscellaneous",135030,5767.5,0.0857939754555597,2.94432958113179,2.91794120519081
1981,"3","Miscellaneous",124252.5,5817.5,0.0847754016539765,3.11913570317945,3.09424988879655
1982,"3","Miscellaneous",119845,5777.5,0.0827573858549687,3.15249566889929,3.12483724673705
1983,"3","Miscellaneous",119322.5,5835,0.0755168732002459,3.07509881422925,3.03510173514295
1984,"3","Miscellaneous",127730,6257.5,0.07045742434905,2.99720994839003,2.94633542062426
1985,"3","Miscellaneous",132760,6872.5,0.0668352337652865,3.03538894716502,2.96742091282744
1986,"3","Miscellaneous",132105,7435,0.0653482751043727,3.15573900956059,3.07689754056762
1987,"3","Miscellaneous",133580,7872.5,0.0632621491853667,3.18957134754072,3.10422050207144
1988,"3","Miscellaneous",132757.5,8847.5,0.0656184525244285,3.4719905817718,3.37111339634477
1989,"3","Miscellaneous",133785,9925,0.0700497582665773,3.807934315531,3.67610724973237
1990,"3","Miscellaneous",136165,10972.5,0.0684369737416578,3.92354934160536,3.78002275962746
1991,"3","Miscellaneous",139017.5,12117.5,0.0706045156591406,4.15107266732326,3.99113694692894
1992,"3","Miscellaneous",139655,13312.5,0.0724470082446736,4.40464866206212,4.21624269496567
1993,"3","Miscellaneous",135310,14305,0.072905650761292,4.64429203360253,4.42641239714048
1994,"3","Miscellaneous",133810,15272.5,0.0708955656906776,4.73676048693495,4.4831261998164
1995,"3","Miscellaneous",126997.5,15922.5,0.0691485896684255,4.84898779568624,4.57580909210758
1996,"3","Miscellaneous",127585,16360,0.0722120456401315,5.04490614038469,4.74445637719632
1997,"3","Miscellaneous",141785,16882.5,0.075369144744919,5.05335468518491,4.71913019758565
1998,"3","Miscellaneous",140155,18062.5,0.0756806016738768,5.25011626555052,4.88231610859574
1999,"3","Miscellaneous",132650,19846.25,0.0783453571111352,5.71320618927672,5.29041190334808
2000,"3","Miscellaneous",120522.5,21767.5,0.0797000561113293,6.22497712194006,5.71915367757244
2001,"3","Miscellaneous",119810,23301.5,0.0820250794016779,6.54669841470524,5.97842652599304
2002,"3","Miscellaneous",119147.5,25170.75,0.0819525083573928,6.75992507100127,6.1268800339384
2003,"3","Miscellaneous",117055,27349.5,0.0822501155958543,7.04348497920396,6.32483572817274
2004,"3","Miscellaneous",114550,29362.25,0.0861810499869021,7.56232776160919,6.72726364060905
2005,"3","Miscellaneous",105492.25,31025.5,0.0895793016680538,8.14691787566468,7.20629110359011
2006,"3","Miscellaneous",105052.5,33136.5,0.0948640872589857,8.77451045293861,7.67988521855246
2007,"3","Miscellaneous",107680,35814.5,0.0976180482114238,9.23696902483687,7.95246073021878
2008,"3","Miscellaneous",111325,37405.5,0.101037644494326,9.6254599727233,8.18187562459575
2009,"3","Miscellaneous",111832.5,38693.5,0.103882906713185,10.0481065745652,8.41523504970606
2010,"3","Miscellaneous",110637.5,40724.25,0.104165880665523,10.4086209760898,8.55525076570275
2011,"3","Miscellaneous",111947.5,42900.25,0.105050731371663,10.7787541692054,8.68262905967982
2012,"3","Miscellaneous",105985.5,43839.75,0.10271027583044,10.9285861185723,8.67984051988408
2013,"3","Miscellaneous",102545,43155.25,0.101271786038631,10.9208178861994,8.60515462530029
2014,"3","Miscellaneous",106082.5,44025.5,0.100634372219514,10.9486890943342,8.51035322405871
2015,"3","Miscellaneous",111780,46453.75,0.100888430638288,11.1022483524231,8.51370272147109
2016,"3","Miscellaneous",118125,49160.5,0.104003490724458,11.5500552122736,8.71518854897071
2017,"3","Miscellaneous",117510,50779,0.108445075641289,12.2278008548552,9.10189162466257
2018,"3","Miscellaneous",114595,52465.25,0.112812058028105,12.9867694744919,9.54626559085678
2019,"3","Miscellaneous",110792.5,53603,0.116765853998571,13.6780729286279,9.97259172631318
2020,"3","Miscellaneous",111972.5,54445.5,0.12017633941751,14.1594335758451,10.219696454466
2021,"3","Miscellaneous",115130,54964.25,0.122412629619071,14.4457439469102,10.3055758051665
2022,"3","Miscellaneous",115817.5,55569.75,0.124258806969213,14.7668176926245,10.4365064924438
2023,"3","Miscellaneous",117085,56257,0.129041359204149,15.3066735594811,10.7684532807381
2024,"3","Miscellaneous",118232.5,59035,0.135365982289035,16.2091664779006,11.3363888052768
1952,"4","Miscellaneous",168605,0,0,0,0
1953,"4","Miscellaneous",168230,0,0,0,0
1954,"4","Miscellaneous",167142.5,0,0,0,0
1955,"4","Miscellaneous",168022.5,0,0,0,0
1956,"4","Miscellaneous",169510,0,0,0,0
1957,"4","Miscellaneous",178367.5,0,0,0,0
1958,"4","Miscellaneous",175105,0,0,0,0
1959,"4","Miscellaneous",162785,0,0,0,0
1960,"4","Miscellaneous",147455,0,0,0,0
1961,"4","Miscellaneous",134775,0,0,0,0
1962,"4","Miscellaneous",128632.5,0,0,0,0
1963,"4","Miscellaneous",124530,0,0,0,0
1964,"4","Miscellaneous",116127.5,0,0,0,0
1965,"4","Miscellaneous",117012.5,0,0,0,0
1966,"4","Miscellaneous",121280,0,0,0,0
1967,"4","Miscellaneous",120502.5,0,0,0,0
1968,"4","Miscellaneous",120982.5,0,0,0,0
1969,"4","Miscellaneous",128402.5,0,0,0,0
1970,"4","Miscellaneous",126805,0,0,0,0
1971,"4","Miscellaneous",125142.5,7.5,0.000245559466317427,0.0048185030517186,0.00481416454524656
1972,"4","Miscellaneous",124450,50,0.00160025604096655,0.0321300624929715,0.032101783513341
1973,"4","Miscellaneous",113830,175,0.00533211456429007,0.11953143676787,0.119276494641918
1974,"4","Miscellaneous",104484,351,0.0113886162506793,0.2602023796286,0.259710599431705
1975,"4","Miscellaneous",99833.75,569.5,0.0187295479584957,0.439420535869293,0.438434218747194
1976,"4","Miscellaneous",90856.25,780.75,0.0210004639871966,0.613809233672045,0.612888794302336
1977,"4","Miscellaneous",87567.75,1012.5,0.024154877496004,0.788443942609068,0.787414114475904
1978,"4","Miscellaneous",90877.25,1256,0.0296732049305716,0.9526879681426,0.950178392073759
1979,"4","Miscellaneous",88600.5,1474.75,0.0340730557737628,1.1323760893769,1.1278564745384
1980,"4","Miscellaneous",83494.75,1654.25,0.0331813919435962,1.25815222558135,1.25278319081551
1981,"4","Miscellaneous",78611.5,1758,0.0361456930494587,1.40364884825742,1.39657815098637
1982,"4","Miscellaneous",76888.25,1810.25,0.0382185439901194,1.48189836890899,1.47294266973606
1983,"4","Miscellaneous",77718.25,1854.75,0.0365916814220398,1.46998216762433,1.45907063987712
1984,"4","Miscellaneous",85311.75,2000.25,0.0364394042902036,1.45430420241384,1.43671240042991
1985,"4","Miscellaneous",87247,2187,0.0331492968847694,1.45770845830834,1.43551944184728
1986,"4","Miscellaneous",85081,2386.75,0.0339887570446478,1.57450317473406,1.54471571618121
1987,"4","Miscellaneous",80122.25,2533,0.0337039032925507,1.67534765282669,1.64076711478243
1988,"4","Miscellaneous",74534.5,2748.25,0.034350978063871,1.83112902688477,1.79207691886499
1989,"4","Miscellaneous",75299.25,3072.5,0.0386030046895269,2.05202698190075,1.9981689195242
1990,"4","Miscellaneous",82392.5,3433.75,0.0408931894305917,2.13990807821142,2.07708859581123
1991,"4","Miscellaneous",84062.75,3788.5,0.0429502277320046,2.2872236057656,2.21349092291543
1992,"4","Miscellaneous",79837.75,4143.5,0.0444717537015074,2.50241575069453,2.41416652692069
1993,"4","Miscellaneous",74731.25,4492.25,0.0455207565428646,2.72039120100525,2.61585327600583
1994,"4","Miscellaneous",71643.25,4826.5,0.0451733368275242,2.84959409594096,2.73529055155214
1995,"4","Miscellaneous",68177,5032.5,0.0429147035623681,2.85179990649836,2.75587456715726
1996,"4","Miscellaneous",80115.75,5396.25,0.0464459239048574,2.90004030632809,2.77952926475203
1997,"4","Miscellaneous",96154.5,5767,0.0497322375626288,2.87516203011267,2.73213659767673
1998,"4","Miscellaneous",93255,6035.5,0.0465752473261,2.85832682152921,2.73369163173208
1999,"4","Miscellaneous",89676.25,6576,0.0474158676595446,3.06049076756606,2.90777269147829
2000,"4","Miscellaneous",88688,7176,0.0484848484848485,3.24108261915247,3.06349700042326
2001,"4","Miscellaneous",81555.5,7780,0.0501981633795365,3.55336324918074,3.32836308892957
2002,"4","Miscellaneous",71303.25,8462.75,0.0518767010764289,3.95848681517862,3.66281115471378
2003,"4","Miscellaneous",62402,9036.25,0.0521542015551749,4.22882079721082,3.91290446909344
2004,"4","Miscellaneous",62091.25,9541,0.0541258862255831,4.40825190010858,4.09841630633129
2005,"4","Miscellaneous",52026.5,9549.25,0.0524349864921259,4.4226894842878,4.21193806751486
2006,"4","Miscellaneous",58759.25,10579.5,0.0575886733294141,4.80498688558095,4.49869865819361
2007,"4","Miscellaneous",59263.25,11575,0.0611389809201483,5.20359193948998,4.80317239577186
2008,"4","Miscellaneous",62612.5,12802,0.0654738311806207,5.65777988929278,5.10607484241112
2009,"4","Miscellaneous",56773,13648.25,0.0677199754886759,6.14613003095975,5.45686914449708
2010,"4","Miscellaneous",44975.75,14327.25,0.0686184943898523,6.7251455125798,5.87468556116539
2011,"4","Miscellaneous",46413,15209.75,0.0713441391069406,7.10636359388871,6.09429383005646
2012,"4","Miscellaneous",52880.75,16345.5,0.0734860405520838,7.30900798175599,6.148062609066
2013,"4","Miscellaneous",53850.25,17187.75,0.0746838880681324,7.58715444462837,6.2597156086461
2014,"4","Miscellaneous",50914,17640.25,0.0744115758136278,7.78561182831292,6.34838381076642
2015,"4","Miscellaneous",52032.25,18583.5,0.0747487058198887,7.96174114219614,6.4036864965628
2016,"4","Miscellaneous",55390.5,19965.25,0.0772414340070838,8.35628335251648,6.57888982320102
2017,"4","Miscellaneous",58833.5,20717.75,0.0815939727327596,8.85033534110812,6.83084181760135
2018,"4","Miscellaneous",60744.5,21259.5,0.0857517979662712,9.33539718087209,7.08837096920069
2019,"4","Miscellaneous",54356.5,21508,0.0860227095473689,9.65079365079365,7.33435150908464
2020,"4","Miscellaneous",54853.25,22159,0.0883188470203499,10.0024826776807,7.52847058499025
2021,"4","Miscellaneous",61396.25,23007,0.0920121739060882,10.3128782105877,7.61787508610198
2022,"4","Miscellaneous",63894.75,23514.25,0.0933244034330506,10.4435833092758,7.65871065805343
2023,"4","Miscellaneous",57999.75,23275.5,0.0938674893758601,10.7031016485411,7.8878970911005
2024,"4","Miscellaneous",47578.25,22964.75,0.094442279675977,11.1631100524985,8.31426731680796
1952,"5","Miscellaneous",175547.5,0,0,0,0
1953,"5","Miscellaneous",180267.5,0,0,0,0
1954,"5","Miscellaneous",183422.5,0,0,0,0
1955,"5","Miscellaneous",182200,0,0,0,0
1956,"5","Miscellaneous",177342.5,0,0,0,0
1957,"5","Miscellaneous",188957.5,0,0,0,0
1958,"5","Miscellaneous",201887.5,0,0,0,0
1959,"5","Miscellaneous",194782.5,0,0,0,0
1960,"5","Miscellaneous",176140,0,0,0,0
1961,"5","Miscellaneous",165467.5,0,0,0,0
1962,"5","Miscellaneous",155050,0,0,0,0
1963,"5","Miscellaneous",149390,0,0,0,0
1964,"5","Miscellaneous",140765,0,0,0,0
1965,"5","Miscellaneous",134025,0,0,0,0
1966,"5","Miscellaneous",129302.5,0,0,0,0
1967,"5","Miscellaneous",123780,0,0,0,0
1968,"5","Miscellaneous",118707.5,0,0,0,0
1969,"5","Miscellaneous",118282.5,0,0,0,0
1970,"5","Miscellaneous",115450,2.5,0.000108003024084674,0.00180410976203792,0.0018023561182472
1971,"5","Miscellaneous",113735,15,0.000642742367434387,0.0109463083575064,0.0109345822639258
1972,"5","Miscellaneous",119020,85,0.00369685767097967,0.0598992283569994,0.0598406121718072
1973,"5","Miscellaneous",116315,290,0.0118150336117336,0.206376316538571,0.205955912552956
1974,"5","Miscellaneous",110840,595,0.0226580350342727,0.436153056736549,0.434741289416572
1975,"5","Miscellaneous",116480,965,0.0375705664784894,0.684045437629588,0.680649845132108
1976,"5","Miscellaneous",118350,1310,0.0498383108236637,0.914884329986905,0.910098459894716
1977,"5","Miscellaneous",115782.5,1677.5,0.0581607003553783,1.17492558220977,1.16789863714845
1978,"5","Miscellaneous",117670,2047.5,0.0646970534797377,1.39233620074122,1.38287724558965
1979,"5","Miscellaneous",115382.5,2382.5,0.0697555262772654,1.62215527072801,1.60873823474556
1980,"5","Miscellaneous",111735,2660,0.0715390304578767,1.82301036580142,1.80609545754615
1981,"5","Miscellaneous",101861.5,2785.5,0.0690762554246745,2.0038126753471,1.98438327036109
1982,"5","Miscellaneous",97710.5,2843.5,0.0686147943486602,2.09296334461946,2.07031228082925
1983,"5","Miscellaneous",101563.5,2921.75,0.0671801799212485,2.06502341196219,2.03437419832906
1984,"5","Miscellaneous",109757.5,3110,0.0629459090219096,2.00586926376213,1.96486480175941
1985,"5","Miscellaneous",115720,3390,0.0587980227213598,2.01192913736313,1.95993409071199
1986,"5","Miscellaneous",115367.5,3687.5,0.0558120175571364,2.09776286035299,2.03529353346114
1987,"5","Miscellaneous",120627.5,3975,0.0550649350649351,2.1327967806841,2.05996777199997
1988,"5","Miscellaneous",121425,4370,0.0555273189326557,2.26609798151341,2.18223507971979
1989,"5","Miscellaneous",118250,4872.5,0.0576354388455169,2.50568890374503,2.40313764272117
1990,"5","Miscellaneous",127700,5485,0.0600454309094392,2.62214360837556,2.4963432923986
1991,"5","Miscellaneous",137460,6102.5,0.061619629423941,2.70870091103787,2.56921108778051
1992,"5","Miscellaneous",145657.5,6757.5,0.0642576964222037,2.83821244067369,2.67702167588659
1993,"5","Miscellaneous",143192.5,7347.5,0.0651489625820181,3.03841700438343,2.85508283418632
1994,"5","Miscellaneous",148127.5,8010,0.0646893739021583,3.13248535924836,2.92421799491625
1995,"5","Miscellaneous",142925,8500,0.0633760811213838,3.28093487344276,3.04921212076839
1996,"5","Miscellaneous",136330,8807.5,0.0635909099113734,3.44184138025362,3.19010691205291
1997,"5","Miscellaneous",146657.5,9230,0.0659085634718032,3.46888153938665,3.18674889584191
1998,"5","Miscellaneous",145880,9665,0.067875765928683,3.62882030487347,3.31618759535552
1999,"5","Miscellaneous",136527.5,10385,0.0690010298661174,3.94454467761846,3.59406845622081
2000,"5","Miscellaneous",129460,11280,0.0703922119254891,4.28063184858403,3.88227356943642
2001,"5","Miscellaneous",123127.5,12257.5,0.0706402720147533,4.58344239614105,4.13545263681329
2002,"5","Miscellaneous",123105,13465,0.0716652252012508,4.8517277411451,4.33534200231975
2003,"5","Miscellaneous",126360,14855,0.0723874960407378,5.06581639612604,4.48620297127386
2004,"5","Miscellaneous",127940,16067.5,0.075039697365963,5.3572619365164,4.70493047826951
2005,"5","Miscellaneous",122830,17052.5,0.0780997744369511,5.75500113901943,5.02192824126028
2006,"5","Miscellaneous",121792.5,18235,0.0824982468839777,6.19258655527822,5.34852497478579
2007,"5","Miscellaneous",130770,20067.5,0.0869551087615911,6.55013994630631,5.55348441196822
2008,"5","Miscellaneous",127467.5,21380,0.0899708583632289,7.01518370561165,5.8652612695272
2009,"5","Miscellaneous",120810,22322.25,0.0929035037155575,7.52224094355518,6.20699500573877
2010,"5","Miscellaneous",117145,23728.25,0.0945398512072849,7.99395271664519,6.47865242909172
2011,"5","Miscellaneous",117122.5,25347,0.0963897115096663,8.43859240270333,6.69386545843562
2012,"5","Miscellaneous",114440,26516.75,0.0966202453697125,8.7835073743137,6.84805400484389
2013,"5","Miscellaneous",109227.5,26853.5,0.0957682033944244,8.99886062799504,6.93320585386478
2014,"5","Miscellaneous",113765,27774.25,0.0962940940916647,9.14386126634787,6.90332890759434
2015,"5","Miscellaneous",120655,29295.25,0.0967346753455812,9.27769508487459,6.87461531898191
2016,"5","Miscellaneous",118965,30627.25,0.0975223966617153,9.63325548662059,7.04257359060409
2017,"5","Miscellaneous",111435,31093.25,0.0995685759323171,10.1396543290396,7.34817876218321
2018,"5","Miscellaneous",106265,31577.5,0.102569141394538,10.678355849382,7.66636825983841
2019,"5","Miscellaneous",101952.5,32108.5,0.105920580594615,11.2420783586009,8.00184166961158
2020,"5","Miscellaneous",101203,32763.5,0.109009363456319,11.6866416978777,8.23978195637963
2021,"5","Miscellaneous",107357.5,33355.75,0.112096053286016,11.8639350530406,8.25914103920048
2022,"5","Miscellaneous",115370,34056,0.114728763126844,11.9411986430456,8.20179061070727
2023,"5","Miscellaneous",113300,34092.5,0.116670331240391,12.1794814543571,8.36564422848122
2024,"5","Miscellaneous",110005,34848.25,0.120302134046092,12.7489322004445,8.72245211137134
1952,"All regions","Miscellaneous",1279207.5,0,0,0,0
1953,"All regions","Miscellaneous",1280825,0,0,0,0
1954,"All regions","Miscellaneous",1285617.5,0,0,0,0
1955,"All regions","Miscellaneous",1291420,0,0,0,0
1956,"All regions","Miscellaneous",1291132.5,0,0,0,0
1957,"All regions","Miscellaneous",1332892.5,0,0,0,0
1958,"All regions","Miscellaneous",1307867.5,0,0,0,0
1959,"All regions","Miscellaneous",1201522.5,0,0,0,0
1960,"All regions","Miscellaneous",1087592.5,0,0,0,0
1961,"All regions","Miscellaneous",1049262.5,0,0,0,0
1962,"All regions","Miscellaneous",985027.5,0,0,0,0
1963,"All regions","Miscellaneous",930200,0,0,0,0
1964,"All regions","Miscellaneous",868295,0,0,0,0
1965,"All regions","Miscellaneous",846525,0,0,0,0
1966,"All regions","Miscellaneous",840110,0,0,0,0
1967,"All regions","Miscellaneous",806322.5,0,0,0,0
1968,"All regions","Miscellaneous",769947.5,0,0,0,0
1969,"All regions","Miscellaneous",772635,0,0,0,0
1970,"All regions","Miscellaneous",747187.5,532.5,0.00266506512518299,0.0562713494292289,0.0562276971180717
1971,"All regions","Miscellaneous",726470,2117.5,0.0107013354559123,0.22965754724655,0.22942542045051
1972,"All regions","Miscellaneous",727262.5,5392.5,0.0266109034383212,0.583542321021321,0.582347260443091
1973,"All regions","Miscellaneous",689615,10880,0.0507764645486472,1.21937893489267,1.2151108454217
1974,"All regions","Miscellaneous",660376.5,17696,0.08122079033759,2.05887742547244,2.04887717516633
1975,"All regions","Miscellaneous",643018.75,23119.5,0.10212289466361,2.73592218073808,2.72077659295329
1976,"All regions","Miscellaneous",610906.25,27010.75,0.111133511830494,3.27193824554603,3.25287924758727
1977,"All regions","Miscellaneous",605157.75,31925,0.121354610144751,3.82541489425439,3.79989850792026
1978,"All regions","Miscellaneous",624604.75,35708.5,0.126730259229454,4.11222433350607,4.07845294871228
1979,"All regions","Miscellaneous",614973,39352.25,0.131772854669716,4.51680937514347,4.4711666667991
1980,"All regions","Miscellaneous",591779.75,41061.75,0.1279890967662,4.73065723494155,4.67834418868224
1981,"All regions","Miscellaneous",543463.25,40222.75,0.124116325642679,4.88338705663103,4.82840858673037
1982,"All regions","Miscellaneous",517090.75,39173.25,0.12074186747545,4.90502544967351,4.84877696094681
1983,"All regions","Miscellaneous",518182,39260.25,0.116353384851336,4.83673356247921,4.77030458245589
1984,"All regions","Miscellaneous",552697,42422.75,0.115235920201174,4.86679419854247,4.77775737901289
1985,"All regions","Miscellaneous",575029.5,47175.25,0.113260807586693,5.04727617040284,4.92966720592803
1986,"All regions","Miscellaneous",566337.5,49666.75,0.109517173403248,5.18231095900416,5.04761565727966
1987,"All regions","Miscellaneous",568895.5,51210.25,0.105187996179482,5.16830204293777,5.02310029850619
1988,"All regions","Miscellaneous",581707,59492.75,0.111348548455623,5.72318074468136,5.54105792103168
1989,"All regions","Miscellaneous",586067,65926,0.116462576862147,6.18542869272936,5.96269621011713
1990,"All regions","Miscellaneous",623769,73182.25,0.118674672663462,6.40546259401005,6.14835607974932
1991,"All regions","Miscellaneous",648976.25,81382.5,0.122499573831084,6.76518753740773,6.47004845145755
1992,"All regions","Miscellaneous",649840.75,88780.5,0.125589226660895,7.19482150816484,6.84855166988476
1993,"All regions","Miscellaneous",620123,92854.75,0.124227963039891,7.51189727389112,7.12376481808011
1994,"All regions","Miscellaneous",604015,95805.25,0.120328007729206,7.60673055546734,7.17747423132745
1995,"All regions","Miscellaneous",581247.25,99576,0.117862760949616,7.80645363605005,7.33559534336599
1996,"All regions","Miscellaneous",567946.5,101613.25,0.119244643785477,8.04575426038794,7.52143397284246
1997,"All regions","Miscellaneous",598230,102750.75,0.120244665388747,7.96990075509895,7.40321931681533
1998,"All regions","Miscellaneous",599008.25,111891.5,0.123819290884288,8.46463721848593,7.81911651511531
1999,"All regions","Miscellaneous",587337,124993,0.129662906836912,9.29315985130112,8.50912585108111
2000,"All regions","Miscellaneous",561266.25,136203.25,0.132436652281621,10.0222957647245,9.10136815889385
2001,"All regions","Miscellaneous",542213,145817.25,0.135017972488481,10.6518753629646,9.59214847311729
2002,"All regions","Miscellaneous",540960.75,153565.75,0.134294960367155,10.9162333438776,9.731280899757
2003,"All regions","Miscellaneous",544578.5,163757.75,0.133347488534186,11.1786520036999,9.8682343734518
2004,"All regions","Miscellaneous",548533,173999.25,0.136193793645554,11.6591005032197,10.2014274712302
2005,"All regions","Miscellaneous",525733.25,183985.5,0.139187222513795,12.3213101799455,10.7332169961382
2006,"All regions","Miscellaneous",533025.75,198229.5,0.145676434794878,13.1878911661929,11.3229254795514
2007,"All regions","Miscellaneous",539836.25,206968.5,0.145980688118044,13.5048228364118,11.4273935365818
2008,"All regions","Miscellaneous",535432.25,214985.5,0.147009086458114,13.9896437118004,11.6354353669564
2009,"All regions","Miscellaneous",516819.5,218983,0.147124566402337,14.4522486045733,11.8205242330849
2010,"All regions","Miscellaneous",500163,224166,0.145600959735099,14.8482575324772,11.8983025470126
2011,"All regions","Miscellaneous",509674.75,232118,0.14516947112002,15.1999711871233,11.8784232085584
2012,"All regions","Miscellaneous",500365.25,230000.25,0.140308862172619,14.9954769126954,11.5576388999792
2013,"All regions","Miscellaneous",476981.5,223471,0.136513481921223,14.8365198368767,11.3537061731915
2014,"All regions","Miscellaneous",485687.75,225702.25,0.136032981491382,14.8819494697905,11.271358638383
2015,"All regions","Miscellaneous",518193,239287.75,0.138268004905212,15.1961775814741,11.377780784643
2016,"All regions","Miscellaneous",541602.75,255590,0.142710374824816,15.9142985230754,11.7295698504689
2017,"All regions","Miscellaneous",547262.75,268820.5,0.149350820714068,16.9641102015123,12.3107943497931
2018,"All regions","Miscellaneous",555569,280071.75,0.15508467114968,17.8853301233133,12.7800309512256
2019,"All regions","Miscellaneous",563798.75,290483.5,0.159340692493941,18.6211251195938,13.1423289596666
2020,"All regions","Miscellaneous",573020,295643,0.161917889283386,19.04814982451,13.2981090900724
2021,"All regions","Miscellaneous",574728.25,291559.25,0.162269197755797,19.0819457011354,13.2196137290553
2022,"All regions","Miscellaneous",577895.5,293462.75,0.164948724506285,19.4599429058344,13.3837497432434
2023,"All regions","Miscellaneous",574853.25,304615,0.173116590214393,20.6541398628662,14.1395994294161
2024,"All regions","Miscellaneous",562370.25,328772.75,0.185516756787715,22.7540141186241,15.5524196338052
